YYYY;MM;DD;qobs;qc_flag
2007;10;17;11.16;40.0
2007;10;18;15.6;40.0
2007;10;19;29.46;40.0
2007;10;20;25.78;40.0
2007;10;21;15.96;40.0
2007;10;22;15.67;40.0
2007;10;23;36.99;40.0
2007;10;24;13.05;40.0
2007;10;25;42.11;40.0
2007;10;26;18.69;40.0
2007;10;27;14.88;40.0
2007;10;28;13.17;40.0
2007;10;29;;250.0
2007;10;30;;250.0
2007;10;31;;250.0
2007;11;1;;250.0
2007;11;2;;250.0
2007;11;3;;250.0
2007;11;4;;250.0
2007;11;5;;250.0
2007;11;6;;250.0
2007;11;7;;250.0
2007;11;8;;250.0
2007;11;9;;250.0
2007;11;10;;250.0
2007;11;11;;250.0
2007;11;12;;250.0
2007;11;13;;250.0
2007;11;14;;250.0
2007;11;15;;250.0
2007;11;16;;250.0
2007;11;17;;250.0
2007;11;18;;250.0
2007;11;19;;250.0
2007;11;20;;250.0
2007;11;21;;250.0
2007;11;22;;250.0
2007;11;23;;250.0
2007;11;24;;250.0
2007;11;25;;250.0
2007;11;26;;250.0
2007;11;27;;250.0
2007;11;28;;250.0
2007;11;29;;250.0
2007;11;30;;250.0
2007;12;1;;250.0
2007;12;2;;250.0
2007;12;3;;250.0
2007;12;4;;250.0
2007;12;5;;250.0
2007;12;6;;250.0
2007;12;7;;250.0
2007;12;8;;250.0
2007;12;9;;250.0
2007;12;10;;250.0
2007;12;11;;250.0
2007;12;12;;250.0
2007;12;13;;250.0
2007;12;14;;250.0
2007;12;15;;250.0
2007;12;16;;250.0
2007;12;17;;250.0
2007;12;18;;250.0
2007;12;19;17.88;40.0
2007;12;20;27.15;40.0
2007;12;21;18.25;40.0
2007;12;22;;250.0
2007;12;23;;250.0
2007;12;24;;250.0
2007;12;25;;250.0
2007;12;26;;250.0
2007;12;27;;250.0
2007;12;28;;250.0
2007;12;29;;250.0
2007;12;30;;250.0
2007;12;31;;250.0
2008;1;1;;250.0
2008;1;2;;250.0
2008;1;3;;250.0
2008;1;4;;250.0
2008;1;5;;250.0
2008;1;6;;250.0
2008;1;7;;250.0
2008;1;8;;250.0
2008;1;9;;250.0
2008;1;10;;250.0
2008;1;11;;250.0
2008;1;12;;250.0
2008;1;13;;250.0
2008;1;14;;250.0
2008;1;15;;250.0
2008;1;16;;250.0
2008;1;17;;250.0
2008;1;18;;250.0
2008;1;19;;250.0
2008;1;20;;250.0
2008;1;21;;250.0
2008;1;22;;250.0
2008;1;23;;250.0
2008;1;24;;250.0
2008;1;25;;250.0
2008;1;26;;250.0
2008;1;27;;250.0
2008;1;28;;250.0
2008;1;29;;250.0
2008;1;30;;250.0
2008;1;31;;250.0
2008;2;1;;250.0
2008;2;2;;250.0
2008;2;3;;250.0
2008;2;4;;250.0
2008;2;5;;250.0
2008;2;6;;250.0
2008;2;7;;250.0
2008;2;8;;250.0
2008;2;9;;250.0
2008;2;10;;250.0
2008;2;11;;250.0
2008;2;12;;250.0
2008;2;13;;250.0
2008;2;14;;250.0
2008;2;15;;250.0
2008;2;16;;250.0
2008;2;17;;250.0
2008;2;18;;250.0
2008;2;19;;250.0
2008;2;20;;250.0
2008;2;21;;250.0
2008;2;22;;250.0
2008;2;23;;250.0
2008;2;24;;250.0
2008;2;25;;250.0
2008;2;26;;250.0
2008;2;27;;250.0
2008;2;28;;250.0
2008;2;29;;250.0
2008;3;1;;250.0
2008;3;2;;250.0
2008;3;3;;250.0
2008;3;4;;250.0
2008;3;5;;250.0
2008;3;6;;250.0
2008;3;7;;250.0
2008;3;8;;250.0
2008;3;9;;250.0
2008;3;10;;250.0
2008;3;11;;250.0
2008;3;12;;250.0
2008;3;13;;250.0
2008;3;14;;250.0
2008;3;15;;250.0
2008;3;16;;250.0
2008;3;17;;250.0
2008;3;18;;250.0
2008;3;19;;250.0
2008;3;20;;250.0
2008;3;21;;250.0
2008;3;22;;250.0
2008;3;23;;250.0
2008;3;24;;250.0
2008;3;25;;250.0
2008;3;26;;250.0
2008;3;27;;250.0
2008;3;28;;250.0
2008;3;29;;250.0
2008;3;30;;250.0
2008;3;31;;250.0
2008;4;1;;250.0
2008;4;2;;250.0
2008;4;3;;250.0
2008;4;4;;250.0
2008;4;5;;250.0
2008;4;6;;250.0
2008;4;7;;250.0
2008;4;8;;250.0
2008;4;9;;250.0
2008;4;10;;250.0
2008;4;11;;250.0
2008;4;12;;250.0
2008;4;13;;250.0
2008;4;14;;250.0
2008;4;15;;250.0
2008;4;16;;250.0
2008;4;17;;250.0
2008;4;18;;250.0
2008;4;19;;250.0
2008;4;20;;250.0
2008;4;21;;250.0
2008;4;22;;250.0
2008;4;23;;250.0
2008;4;24;;250.0
2008;4;25;;250.0
2008;4;26;;250.0
2008;4;27;;250.0
2008;4;28;;250.0
2008;4;29;;250.0
2008;4;30;;250.0
2008;5;1;;250.0
2008;5;2;;250.0
2008;5;3;;250.0
2008;5;4;;250.0
2008;5;5;;250.0
2008;5;6;;250.0
2008;5;7;;250.0
2008;5;8;32.51;40.0
2008;5;9;20.67;40.0
2008;5;10;12.71;40.0
2008;5;11;16.17;40.0
2008;5;12;27.46;40.0
2008;5;13;34.07;40.0
2008;5;14;41.87;40.0
2008;5;15;39.6;40.0
2008;5;16;26.78;40.0
2008;5;17;22.85;40.0
2008;5;18;23.41;40.0
2008;5;19;21.03;40.0
2008;5;20;18.81;40.0
2008;5;21;16.83;40.0
2008;5;22;15.29;40.0
2008;5;23;16.21;40.0
2008;5;24;15.3;40.0
2008;5;25;17.64;40.0
2008;5;26;18.73;40.0
2008;5;27;19.38;40.0
2008;5;28;17.5;40.0
2008;5;29;15.53;40.0
2008;5;30;14.14;40.0
2008;5;31;15.02;40.0
2008;6;1;13.94;40.0
2008;6;2;13.68;40.0
2008;6;3;13.54;40.0
2008;6;4;13.73;40.0
2008;6;5;14.27;40.0
2008;6;6;17.43;40.0
2008;6;7;17.09;40.0
2008;6;8;15.69;40.0
2008;6;9;15.87;40.0
2008;6;10;14.68;40.0
2008;6;11;14.16;40.0
2008;6;12;13.89;40.0
2008;6;13;14.69;40.0
2008;6;14;13.62;40.0
2008;6;15;14.14;40.0
2008;6;16;16.98;40.0
2008;6;17;15.13;40.0
2008;6;18;12.22;40.0
2008;6;19;10.15;40.0
2008;6;20;9.57;40.0
2008;6;21;10.04;40.0
2008;6;22;10.36;40.0
2008;6;23;10.07;40.0
2008;6;24;10.58;40.0
2008;6;25;12.4;40.0
2008;6;26;12.53;40.0
2008;6;27;11.76;40.0
2008;6;28;10.96;40.0
2008;6;29;9.59;40.0
2008;6;30;8.89;40.0
2008;7;1;8.97;40.0
2008;7;2;11.88;40.0
2008;7;3;15.9;40.0
2008;7;4;16.07;40.0
2008;7;5;21.21;40.0
2008;7;6;23.25;40.0
2008;7;7;26.66;40.0
2008;7;8;26.65;40.0
2008;7;9;27.82;40.0
2008;7;10;29.65;40.0
2008;7;11;28.37;40.0
2008;7;12;27.34;40.0
2008;7;13;33.01;40.0
2008;7;14;32.02;40.0
2008;7;15;26.51;40.0
2008;7;16;23.01;40.0
2008;7;17;22.06;40.0
2008;7;18;19.82;40.0
2008;7;19;19.88;40.0
2008;7;20;22.23;40.0
2008;7;21;34.19;40.0
2008;7;22;39.79;40.0
2008;7;23;29.0;40.0
2008;7;24;38.19;40.0
2008;7;25;38.72;40.0
2008;7;26;41.69;40.0
2008;7;27;36.85;40.0
2008;7;28;52.77;40.0
2008;7;29;49.64;40.0
2008;7;30;58.33;40.0
2008;7;31;50.87;40.0
2008;8;1;48.43;40.0
2008;8;2;43.98;40.0
2008;8;3;36.52;40.0
2008;8;4;33.63;40.0
2008;8;5;31.52;40.0
2008;8;6;28.06;40.0
2008;8;7;28.38;40.0
2008;8;8;28.55;40.0
2008;8;9;26.72;40.0
2008;8;10;22.65;40.0
2008;8;11;21.1;40.0
2008;8;12;23.08;40.0
2008;8;13;24.71;40.0
2008;8;14;23.47;40.0
2008;8;15;24.92;40.0
2008;8;16;24.29;40.0
2008;8;17;30.68;40.0
2008;8;18;28.45;40.0
2008;8;19;28.23;40.0
2008;8;20;23.94;40.0
2008;8;21;22.71;40.0
2008;8;22;31.7;40.0
2008;8;23;36.09;40.0
2008;8;24;25.5;40.0
2008;8;25;23.04;40.0
2008;8;26;22.86;40.0
2008;8;27;20.5;40.0
2008;8;28;17.99;40.0
2008;8;29;32.08;40.0
2008;8;30;26.6;40.0
2008;8;31;21.5;40.0
2008;9;1;24.84;40.0
2008;9;2;29.46;40.0
2008;9;3;20.84;40.0
2008;9;4;18.68;40.0
2008;9;5;18.65;40.0
2008;9;6;17.89;40.0
2008;9;7;20.02;40.0
2008;9;8;23.71;40.0
2008;9;9;24.24;40.0
2008;9;10;28.45;40.0
2008;9;11;35.02;40.0
2008;9;12;27.63;40.0
2008;9;13;30.14;40.0
2008;9;14;37.89;40.0
2008;9;15;29.96;40.0
2008;9;16;29.24;40.0
2008;9;17;84.44;100.0
2008;9;18;26.02;40.0
2008;9;19;23.88;40.0
2008;9;20;40.95;40.0
2008;9;21;19.27;40.0
2008;9;22;17.78;40.0
2008;9;23;17.07;40.0
2008;9;24;37.97;40.0
2008;9;25;20.41;40.0
2008;9;26;20.97;40.0
2008;9;27;18.22;40.0
2008;9;28;15.97;40.0
2008;9;29;15.59;40.0
2008;9;30;13.47;40.0
2008;10;1;12.93;40.0
2008;10;2;12.29;40.0
2008;10;3;11.31;40.0
2008;10;4;11.63;40.0
2008;10;5;11.09;40.0
2008;10;6;11.05;40.0
2008;10;7;12.14;40.0
2008;10;8;11.83;40.0
2008;10;9;11.71;40.0
2008;10;10;13.7;40.0
2008;10;11;12.05;40.0
2008;10;12;11.02;40.0
2008;10;13;10.88;40.0
2008;10;14;10.51;40.0
2008;10;15;10.29;40.0
2008;10;16;9.83;40.0
2008;10;17;9.62;40.0
2008;10;18;9.6;40.0
2008;10;19;10.16;40.0
2008;10;20;10.45;40.0
2008;10;21;;250.0
2008;10;22;;250.0
2008;10;23;;250.0
2008;10;24;;250.0
2008;10;25;;250.0
2008;10;26;;250.0
2008;10;27;;250.0
2008;10;28;;250.0
2008;10;29;;250.0
2008;10;30;;250.0
2008;10;31;;250.0
2008;11;1;;250.0
2008;11;2;;250.0
2008;11;3;;250.0
2008;11;4;;250.0
2008;11;5;;250.0
2008;11;6;15.2;40.0
2008;11;7;16.0;40.0
2008;11;8;13.44;40.0
2008;11;9;12.28;40.0
2008;11;10;11.33;40.0
2008;11;11;;250.0
2008;11;12;;250.0
2008;11;13;;250.0
2008;11;14;;250.0
2008;11;15;;250.0
2008;11;16;;250.0
2008;11;17;;250.0
2008;11;18;;250.0
2008;11;19;;250.0
2008;11;20;;250.0
2008;11;21;;250.0
2008;11;22;;250.0
2008;11;23;;250.0
2008;11;24;;250.0
2008;11;25;;250.0
2008;11;26;;250.0
2008;11;27;;250.0
2008;11;28;;250.0
2008;11;29;;250.0
2008;11;30;;250.0
2008;12;1;;250.0
2008;12;2;;250.0
2008;12;3;;250.0
2008;12;4;;250.0
2008;12;5;;250.0
2008;12;6;;250.0
2008;12;7;;250.0
2008;12;8;;250.0
2008;12;9;;250.0
2008;12;10;;250.0
2008;12;11;26.69;40.0
2008;12;12;14.12;40.0
2008;12;13;;250.0
2008;12;14;;250.0
2008;12;15;;250.0
2008;12;16;;250.0
2008;12;17;;250.0
2008;12;18;;250.0
2008;12;19;;250.0
2008;12;20;;250.0
2008;12;21;;250.0
2008;12;22;;250.0
2008;12;23;;250.0
2008;12;24;;250.0
2008;12;25;;250.0
2008;12;26;;250.0
2008;12;27;;250.0
2008;12;28;;250.0
2008;12;29;;250.0
2008;12;30;;250.0
2008;12;31;;250.0
2009;1;1;;250.0
2009;1;2;;250.0
2009;1;3;;250.0
2009;1;4;;250.0
2009;1;5;;250.0
2009;1;6;;250.0
2009;1;7;;250.0
2009;1;8;;250.0
2009;1;9;;250.0
2009;1;10;;250.0
2009;1;11;;250.0
2009;1;12;;250.0
2009;1;13;;250.0
2009;1;14;;250.0
2009;1;15;;250.0
2009;1;16;;250.0
2009;1;17;;250.0
2009;1;18;;250.0
2009;1;19;;250.0
2009;1;20;;250.0
2009;1;21;;250.0
2009;1;22;;250.0
2009;1;23;;250.0
2009;1;24;;250.0
2009;1;25;;250.0
2009;1;26;;250.0
2009;1;27;;250.0
2009;1;28;;250.0
2009;1;29;;250.0
2009;1;30;;250.0
2009;1;31;;250.0
2009;2;1;;250.0
2009;2;2;;250.0
2009;2;3;;250.0
2009;2;4;;250.0
2009;2;5;;250.0
2009;2;6;;250.0
2009;2;7;;250.0
2009;2;8;;250.0
2009;2;9;;250.0
2009;2;10;;250.0
2009;2;11;;250.0
2009;2;12;;250.0
2009;2;13;;250.0
2009;2;14;;250.0
2009;2;15;;250.0
2009;2;16;;250.0
2009;2;17;;250.0
2009;2;18;;250.0
2009;2;19;;250.0
2009;2;20;;250.0
2009;2;21;;250.0
2009;2;22;;250.0
2009;2;23;;250.0
2009;2;24;;250.0
2009;2;25;;250.0
2009;2;26;;250.0
2009;2;27;;250.0
2009;2;28;;250.0
2009;3;1;;250.0
2009;3;2;;250.0
2009;3;3;;250.0
2009;3;4;;250.0
2009;3;5;;250.0
2009;3;6;;250.0
2009;3;7;;250.0
2009;3;8;;250.0
2009;3;9;;250.0
2009;3;10;;250.0
2009;3;11;;250.0
2009;3;12;;250.0
2009;3;13;;250.0
2009;3;14;;250.0
2009;3;15;;250.0
2009;3;16;;250.0
2009;3;17;;250.0
2009;3;18;;250.0
2009;3;19;;250.0
2009;3;20;38.15;40.0
2009;3;21;24.45;40.0
2009;3;22;16.27;40.0
2009;3;23;14.26;40.0
2009;3;24;12.08;40.0
2009;3;25;10.42;40.0
2009;3;26;9.37;40.0
2009;3;27;8.87;40.0
2009;3;28;8.24;40.0
2009;3;29;8.54;40.0
2009;3;30;8.52;40.0
2009;3;31;9.21;40.0
2009;4;1;8.77;40.0
2009;4;2;9.01;40.0
2009;4;3;9.9;40.0
2009;4;4;9.32;40.0
2009;4;5;8.74;40.0
2009;4;6;8.37;40.0
2009;4;7;8.44;40.0
2009;4;8;8.34;40.0
2009;4;9;8.03;40.0
2009;4;10;7.99;40.0
2009;4;11;7.9;40.0
2009;4;12;7.71;40.0
2009;4;13;7.72;40.0
2009;4;14;7.75;40.0
2009;4;15;7.77;40.0
2009;4;16;7.71;40.0
2009;4;17;7.72;40.0
2009;4;18;7.8;40.0
2009;4;19;8.69;40.0
2009;4;20;10.44;40.0
2009;4;21;10.85;40.0
2009;4;22;10.06;40.0
2009;4;23;9.25;40.0
2009;4;24;8.74;40.0
2009;4;25;8.68;40.0
2009;4;26;8.07;40.0
2009;4;27;7.53;40.0
2009;4;28;7.22;40.0
2009;4;29;10.76;40.0
2009;4;30;15.51;100.0
2009;5;1;21.31;100.0
2009;5;2;13.17;100.0
2009;5;3;10.71;100.0
2009;5;4;9.79;100.0
2009;5;5;9.36;40.0
2009;5;6;8.82;40.0
2009;5;7;8.45;40.0
2009;5;8;7.85;40.0
2009;5;9;7.02;40.0
2009;5;10;6.94;40.0
2009;5;11;9.24;40.0
2009;5;12;42.47;40.0
2009;5;13;49.6;40.0
2009;5;14;41.79;40.0
2009;5;15;31.44;40.0
2009;5;16;27.23;40.0
2009;5;17;22.07;40.0
2009;5;18;14.76;40.0
2009;5;19;12.27;40.0
2009;5;20;15.34;40.0
2009;5;21;17.41;40.0
2009;5;22;18.28;40.0
2009;5;23;15.2;40.0
2009;5;24;13.35;40.0
2009;5;25;11.86;40.0
2009;5;26;10.7;40.0
2009;5;27;10.88;40.0
2009;5;28;14.49;40.0
2009;5;29;18.33;40.0
2009;5;30;15.89;40.0
2009;5;31;12.3;40.0
2009;6;1;10.73;40.0
2009;6;2;10.45;40.0
2009;6;3;9.82;40.0
2009;6;4;10.08;40.0
2009;6;5;9.87;40.0
2009;6;6;9.93;40.0
2009;6;7;10.26;40.0
2009;6;8;11.39;40.0
2009;6;9;10.98;40.0
2009;6;10;10.64;40.0
2009;6;11;11.28;40.0
2009;6;12;11.02;40.0
2009;6;13;10.86;40.0
2009;6;14;10.56;40.0
2009;6;15;10.67;40.0
2009;6;16;10.99;40.0
2009;6;17;12.48;40.0
2009;6;18;15.28;40.0
2009;6;19;12.12;40.0
2009;6;20;10.04;40.0
2009;6;21;11.88;40.0
2009;6;22;12.5;40.0
2009;6;23;11.94;40.0
2009;6;24;12.03;40.0
2009;6;25;11.42;40.0
2009;6;26;11.98;40.0
2009;6;27;13.96;40.0
2009;6;28;17.08;40.0
2009;6;29;22.16;40.0
2009;6;30;22.98;40.0
2009;7;1;25.34;40.0
2009;7;2;25.89;40.0
2009;7;3;23.51;40.0
2009;7;4;23.85;40.0
2009;7;5;28.29;40.0
2009;7;6;27.63;40.0
2009;7;7;24.92;40.0
2009;7;8;25.3;40.0
2009;7;9;25.73;40.0
2009;7;10;25.32;40.0
2009;7;11;25.73;40.0
2009;7;12;25.98;40.0
2009;7;13;21.15;40.0
2009;7;14;18.01;40.0
2009;7;15;16.01;40.0
2009;7;16;16.04;40.0
2009;7;17;17.96;40.0
2009;7;18;19.92;40.0
2009;7;19;19.86;40.0
2009;7;20;21.46;40.0
2009;7;21;23.23;40.0
2009;7;22;23.24;40.0
2009;7;23;17.5;40.0
2009;7;24;13.88;40.0
2009;7;25;13.02;40.0
2009;7;26;13.36;40.0
2009;7;27;13.25;40.0
2009;7;28;13.79;40.0
2009;7;29;17.13;40.0
2009;7;30;18.94;40.0
2009;7;31;19.13;40.0
2009;8;1;18.28;40.0
2009;8;2;17.46;40.0
2009;8;3;19.03;40.0
2009;8;4;23.05;40.0
2009;8;5;30.75;40.0
2009;8;6;33.05;40.0
2009;8;7;36.11;40.0
2009;8;8;34.75;40.0
2009;8;9;43.14;40.0
2009;8;10;44.34;40.0
2009;8;11;38.73;40.0
2009;8;12;34.23;40.0
2009;8;13;28.47;40.0
2009;8;14;25.52;40.0
2009;8;15;25.98;40.0
2009;8;16;25.84;40.0
2009;8;17;23.59;40.0
2009;8;18;20.97;40.0
2009;8;19;37.63;40.0
2009;8;20;28.23;40.0
2009;8;21;19.53;40.0
2009;8;22;15.21;40.0
2009;8;23;16.63;40.0
2009;8;24;23.67;40.0
2009;8;25;24.42;40.0
2009;8;26;23.0;40.0
2009;8;27;20.2;40.0
2009;8;28;18.86;40.0
2009;8;29;15.2;40.0
2009;8;30;15.24;40.0
2009;8;31;;250.0
2009;9;1;13.94;40.0
2009;9;2;13.38;40.0
2009;9;3;13.11;40.0
2009;9;4;13.32;40.0
2009;9;5;12.88;40.0
2009;9;6;13.51;40.0
2009;9;7;16.96;40.0
2009;9;8;18.42;40.0
2009;9;9;16.21;40.0
2009;9;10;15.05;40.0
2009;9;11;24.84;40.0
2009;9;12;22.38;40.0
2009;9;13;31.97;40.0
2009;9;14;40.08;40.0
2009;9;15;20.55;40.0
2009;9;16;20.92;40.0
2009;9;17;30.0;40.0
2009;9;18;17.54;40.0
2009;9;19;14.68;40.0
2009;9;20;14.66;40.0
2009;9;21;15.42;40.0
2009;9;22;12.93;40.0
2009;9;23;11.74;40.0
2009;9;24;12.33;40.0
2009;9;25;20.92;40.0
2009;9;26;11.02;40.0
2009;9;27;9.98;40.0
2009;9;28;10.62;40.0
2009;9;29;10.81;40.0
2009;9;30;10.57;40.0
2009;10;1;10.59;40.0
2009;10;2;9.92;40.0
2009;10;3;10.16;40.0
2009;10;4;10.43;40.0
2009;10;5;10.35;40.0
2009;10;6;10.24;40.0
2009;10;7;10.09;40.0
2009;10;8;9.94;100.0
2009;10;9;9.43;100.0
2009;10;10;9.09;100.0
2009;10;11;12.5;40.0
2009;10;12;14.48;40.0
2009;10;13;17.51;40.0
2009;10;14;17.15;40.0
2009;10;15;12.5;40.0
2009;10;16;11.61;40.0
2009;10;17;18.82;40.0
2009;10;18;13.1;40.0
2009;10;19;10.13;100.0
2009;10;20;9.84;100.0
2009;10;21;9.68;100.0
2009;10;22;9.54;100.0
2009;10;23;9.4;100.0
2009;10;24;9.51;100.0
2009;10;25;9.47;40.0
2009;10;26;9.32;40.0
2009;10;27;8.92;40.0
2009;10;28;9.26;40.0
2009;10;29;14.11;40.0
2009;10;30;17.15;40.0
2009;10;31;22.32;40.0
2009;11;1;11.37;40.0
2009;11;2;9.7;100.0
2009;11;3;10.23;100.0
2009;11;4;10.1;100.0
2009;11;5;9.91;100.0
2009;11;6;9.74;40.0
2009;11;7;9.62;40.0
2009;11;8;9.5;40.0
2009;11;9;11.68;40.0
2009;11;10;10.03;40.0
2009;11;11;9.02;40.0
2009;11;12;;250.0
2009;11;13;;250.0
2009;11;14;;250.0
2009;11;15;;250.0
2009;11;16;;250.0
2009;11;17;;250.0
2009;11;18;;250.0
2009;11;19;;250.0
2009;11;20;;250.0
2009;11;21;;250.0
2009;11;22;;250.0
2009;11;23;;250.0
2009;11;24;;250.0
2009;11;25;;250.0
2009;11;26;;250.0
2009;11;27;;250.0
2009;11;28;;250.0
2009;11;29;;250.0
2009;11;30;;250.0
2009;12;1;;250.0
2009;12;2;;250.0
2009;12;3;;250.0
2009;12;4;;250.0
2009;12;5;;250.0
2009;12;6;;250.0
2009;12;7;;250.0
2009;12;8;;250.0
2009;12;9;;250.0
2009;12;10;;250.0
2009;12;11;;250.0
2009;12;12;;250.0
2009;12;13;26.29;40.0
2009;12;14;11.56;40.0
2009;12;15;10.07;40.0
2009;12;16;8.6;40.0
2009;12;17;8.03;40.0
2009;12;18;;250.0
2009;12;19;;250.0
2009;12;20;;250.0
2009;12;21;;250.0
2009;12;22;;250.0
2009;12;23;;250.0
2009;12;24;;250.0
2009;12;25;;250.0
2009;12;26;;250.0
2009;12;27;;250.0
2009;12;28;;250.0
2009;12;29;;250.0
2009;12;30;;250.0
2009;12;31;;250.0
2010;1;1;;250.0
2010;1;2;;250.0
2010;1;3;;250.0
2010;1;4;;250.0
2010;1;5;;250.0
2010;1;6;;250.0
2010;1;7;;250.0
2010;1;8;;250.0
2010;1;9;;250.0
2010;1;10;;250.0
2010;1;11;;250.0
2010;1;12;;250.0
2010;1;13;;250.0
2010;1;14;;250.0
2010;1;15;;250.0
2010;1;16;;250.0
2010;1;17;;250.0
2010;1;18;;250.0
2010;1;19;;250.0
2010;1;20;;250.0
2010;1;21;;250.0
2010;1;22;;250.0
2010;1;23;;250.0
2010;1;24;;250.0
2010;1;25;;250.0
2010;1;26;12.87;40.0
2010;1;27;9.57;40.0
2010;1;28;10.38;40.0
2010;1;29;9.23;40.0
2010;1;30;8.96;40.0
2010;1;31;;250.0
2010;2;1;;250.0
2010;2;2;;250.0
2010;2;3;;250.0
2010;2;4;;250.0
2010;2;5;;250.0
2010;2;6;;250.0
2010;2;7;;250.0
2010;2;8;;250.0
2010;2;9;;250.0
2010;2;10;;250.0
2010;2;11;;250.0
2010;2;12;;250.0
2010;2;13;;250.0
2010;2;14;;250.0
2010;2;15;;250.0
2010;2;16;;250.0
2010;2;17;;250.0
2010;2;18;;250.0
2010;2;19;;250.0
2010;2;20;;250.0
2010;2;21;;250.0
2010;2;22;;250.0
2010;2;23;;250.0
2010;2;24;;250.0
2010;2;25;;250.0
2010;2;26;;250.0
2010;2;27;;250.0
2010;2;28;;250.0
2010;3;1;;250.0
2010;3;2;;250.0
2010;3;3;;250.0
2010;3;4;;250.0
2010;3;5;;250.0
2010;3;6;;250.0
2010;3;7;;250.0
2010;3;8;;250.0
2010;3;9;;250.0
2010;3;10;;250.0
2010;3;11;;250.0
2010;3;12;;250.0
2010;3;13;;250.0
2010;3;14;;250.0
2010;3;15;;250.0
2010;3;16;;250.0
2010;3;17;;250.0
2010;3;18;;250.0
2010;3;19;;250.0
2010;3;20;;250.0
2010;3;21;;250.0
2010;3;22;;250.0
2010;3;23;;250.0
2010;3;24;;250.0
2010;3;25;;250.0
2010;3;26;;250.0
2010;3;27;;250.0
2010;3;28;;250.0
2010;3;29;;250.0
2010;3;30;;250.0
2010;3;31;;250.0
2010;4;1;;250.0
2010;4;2;;250.0
2010;4;3;;250.0
2010;4;4;;250.0
2010;4;5;;250.0
2010;4;6;;250.0
2010;4;7;;250.0
2010;4;8;;250.0
2010;4;9;;250.0
2010;4;10;;250.0
2010;4;11;59.86;40.0
2010;4;12;25.43;40.0
2010;4;13;32.21;40.0
2010;4;14;25.41;40.0
2010;4;15;15.58;40.0
2010;4;16;12.72;40.0
2010;4;17;;250.0
2010;4;18;;250.0
2010;4;19;;250.0
2010;4;20;;250.0
2010;4;21;;250.0
2010;4;22;;250.0
2010;4;23;;250.0
2010;4;24;;250.0
2010;4;25;;250.0
2010;4;26;;250.0
2010;4;27;;250.0
2010;4;28;;250.0
2010;4;29;;250.0
2010;4;30;;250.0
2010;5;1;;250.0
2010;5;2;;250.0
2010;5;3;7.49;40.0
2010;5;4;27.69;40.0
2010;5;5;30.82;40.0
2010;5;6;32.26;40.0
2010;5;7;36.58;40.0
2010;5;8;23.46;40.0
2010;5;9;15.22;40.0
2010;5;10;11.19;40.0
2010;5;11;10.24;40.0
2010;5;12;13.13;40.0
2010;5;13;12.51;40.0
2010;5;14;10.0;40.0
2010;5;15;8.94;40.0
2010;5;16;7.95;40.0
2010;5;17;7.45;40.0
2010;5;18;7.48;40.0
2010;5;19;11.41;40.0
2010;5;20;14.95;40.0
2010;5;21;14.64;40.0
2010;5;22;15.81;40.0
2010;5;23;16.47;40.0
2010;5;24;14.55;40.0
2010;5;25;12.04;40.0
2010;5;26;10.6;40.0
2010;5;27;9.85;40.0
2010;5;28;9.58;40.0
2010;5;29;10.19;40.0
2010;5;30;11.46;40.0
2010;5;31;12.48;40.0
2010;6;1;12.05;40.0
2010;6;2;11.81;40.0
2010;6;3;13.45;40.0
2010;6;4;16.08;40.0
2010;6;5;17.76;40.0
2010;6;6;17.97;40.0
2010;6;7;16.93;40.0
2010;6;8;16.77;40.0
2010;6;9;17.46;40.0
2010;6;10;22.29;40.0
2010;6;11;20.78;40.0
2010;6;12;17.24;40.0
2010;6;13;18.47;40.0
2010;6;14;20.62;40.0
2010;6;15;25.03;40.0
2010;6;16;21.75;40.0
2010;6;17;20.75;40.0
2010;6;18;21.38;40.0
2010;6;19;26.73;40.0
2010;6;20;24.12;40.0
2010;6;21;21.61;40.0
2010;6;22;25.92;40.0
2010;6;23;23.0;40.0
2010;6;24;20.88;40.0
2010;6;25;24.11;40.0
2010;6;26;27.91;40.0
2010;6;27;27.39;40.0
2010;6;28;26.46;40.0
2010;6;29;27.49;40.0
2010;6;30;28.26;40.0
2010;7;1;25.1;40.0
2010;7;2;28.81;40.0
2010;7;3;35.42;40.0
2010;7;4;35.25;40.0
2010;7;5;31.86;40.0
2010;7;6;34.1;40.0
2010;7;7;33.35;40.0
2010;7;8;26.98;40.0
2010;7;9;23.95;40.0
2010;7;10;28.01;40.0
2010;7;11;28.87;40.0
2010;7;12;33.52;40.0
2010;7;13;32.67;40.0
2010;7;14;34.58;40.0
2010;7;15;33.3;40.0
2010;7;16;33.58;40.0
2010;7;17;27.85;40.0
2010;7;18;34.03;40.0
2010;7;19;35.59;40.0
2010;7;20;37.88;40.0
2010;7;21;33.55;40.0
2010;7;22;37.39;40.0
2010;7;23;42.65;40.0
2010;7;24;47.25;40.0
2010;7;25;49.85;40.0
2010;7;26;50.09;40.0
2010;7;27;39.59;40.0
2010;7;28;42.18;40.0
2010;7;29;49.88;40.0
2010;7;30;41.61;40.0
2010;7;31;48.84;40.0
2010;8;1;46.78;40.0
2010;8;2;46.25;40.0
2010;8;3;44.94;40.0
2010;8;4;48.25;40.0
2010;8;5;44.7;40.0
2010;8;6;41.28;40.0
2010;8;7;42.84;40.0
2010;8;8;34.44;40.0
2010;8;9;38.78;40.0
2010;8;10;41.23;40.0
2010;8;11;40.6;40.0
2010;8;12;36.69;40.0
2010;8;13;48.75;40.0
2010;8;14;49.37;40.0
2010;8;15;62.87;40.0
2010;8;16;54.7;40.0
2010;8;17;43.49;40.0
2010;8;18;42.88;40.0
2010;8;19;41.05;40.0
2010;8;20;32.6;40.0
2010;8;21;24.54;40.0
2010;8;22;21.1;40.0
2010;8;23;21.9;40.0
2010;8;24;21.3;40.0
2010;8;25;19.21;40.0
2010;8;26;18.18;40.0
2010;8;27;16.44;40.0
2010;8;28;15.52;40.0
2010;8;29;15.98;40.0
2010;8;30;20.99;40.0
2010;8;31;21.07;40.0
2010;9;1;23.75;40.0
2010;9;2;31.85;40.0
2010;9;3;44.42;40.0
2010;9;4;55.64;40.0
2010;9;5;46.35;40.0
2010;9;6;36.0;40.0
2010;9;7;34.3;40.0
2010;9;8;32.8;40.0
2010;9;9;39.22;40.0
2010;9;10;36.53;40.0
2010;9;11;31.81;40.0
2010;9;12;31.29;40.0
2010;9;13;25.54;40.0
2010;9;14;21.28;40.0
2010;9;15;18.38;40.0
2010;9;16;15.97;40.0
2010;9;17;14.67;40.0
2010;9;18;13.9;40.0
2010;9;19;13.25;40.0
2010;9;20;12.82;40.0
2010;9;21;12.53;40.0
2010;9;22;12.06;40.0
2010;9;23;11.72;40.0
2010;9;24;11.58;40.0
2010;9;25;14.05;40.0
2010;9;26;30.94;40.0
2010;9;27;26.75;40.0
2010;9;28;24.16;40.0
2010;9;29;29.27;40.0
2010;9;30;22.19;40.0
2010;10;1;17.12;40.0
2010;10;2;20.28;40.0
2010;10;3;16.97;40.0
2010;10;4;15.67;40.0
2010;10;5;14.03;40.0
2010;10;6;16.56;40.0
2010;10;7;13.84;40.0
2010;10;8;13.81;40.0
2010;10;9;11.96;40.0
2010;10;10;14.58;40.0
2010;10;11;13.79;40.0
2010;10;12;12.45;40.0
2010;10;13;12.6;40.0
2010;10;14;12.33;40.0
2010;10;15;11.38;40.0
2010;10;16;14.23;40.0
2010;10;17;17.99;40.0
2010;10;18;11.06;40.0
2010;10;19;9.82;40.0
2010;10;20;;250.0
2010;10;21;;250.0
2010;10;22;;250.0
2010;10;23;;250.0
2010;10;24;;250.0
2010;10;25;;250.0
2010;10;26;;250.0
2010;10;27;;250.0
2010;10;28;;250.0
2010;10;29;;250.0
2010;10;30;;250.0
2010;10;31;;250.0
2010;11;1;;250.0
2010;11;2;;250.0
2010;11;3;;250.0
2010;11;4;;250.0
2010;11;5;;250.0
2010;11;6;;250.0
2010;11;7;;250.0
2010;11;8;;250.0
2010;11;9;;250.0
2010;11;10;;250.0
2010;11;11;;250.0
2010;11;12;;250.0
2010;11;13;;250.0
2010;11;14;;250.0
2010;11;15;;250.0
2010;11;16;;250.0
2010;11;17;;250.0
2010;11;18;;250.0
2010;11;19;;250.0
2010;11;20;;250.0
2010;11;21;;250.0
2010;11;22;;250.0
2010;11;23;;250.0
2010;11;24;;250.0
2010;11;25;;250.0
2010;11;26;;250.0
2010;11;27;;250.0
2010;11;28;;250.0
2010;11;29;;250.0
2010;11;30;;250.0
2010;12;1;;250.0
2010;12;2;;250.0
2010;12;3;;250.0
2010;12;4;;250.0
2010;12;5;;250.0
2010;12;6;;250.0
2010;12;7;;250.0
2010;12;8;;250.0
2010;12;9;;250.0
2010;12;10;;250.0
2010;12;11;;250.0
2010;12;12;;250.0
2010;12;13;;250.0
2010;12;14;;250.0
2010;12;15;;250.0
2010;12;16;;250.0
2010;12;17;;250.0
2010;12;18;;250.0
2010;12;19;;250.0
2010;12;20;;250.0
2010;12;21;;250.0
2010;12;22;;250.0
2010;12;23;;250.0
2010;12;24;;250.0
2010;12;25;;250.0
2010;12;26;;250.0
2010;12;27;;250.0
2010;12;28;;250.0
2010;12;29;;250.0
2010;12;30;;250.0
2010;12;31;;250.0
2011;1;1;;250.0
2011;1;2;;250.0
2011;1;3;;250.0
2011;1;4;;250.0
2011;1;5;;250.0
2011;1;6;;250.0
2011;1;7;;250.0
2011;1;8;;250.0
2011;1;9;;250.0
2011;1;10;;250.0
2011;1;11;;250.0
2011;1;12;;250.0
2011;1;13;;250.0
2011;1;14;;250.0
2011;1;15;;250.0
2011;1;16;;250.0
2011;1;17;;250.0
2011;1;18;;250.0
2011;1;19;;250.0
2011;1;20;;250.0
2011;1;21;;250.0
2011;1;22;;250.0
2011;1;23;;250.0
2011;1;24;;250.0
2011;1;25;;250.0
2011;1;26;;250.0
2011;1;27;;250.0
2011;1;28;;250.0
2011;1;29;;250.0
2011;1;30;;250.0
2011;1;31;;250.0
2011;2;1;;250.0
2011;2;2;;250.0
2011;2;3;;250.0
2011;2;4;;250.0
2011;2;5;;250.0
2011;2;6;;250.0
2011;2;7;;250.0
2011;2;8;;250.0
2011;2;9;;250.0
2011;2;10;;250.0
2011;2;11;;250.0
2011;2;12;;250.0
2011;2;13;;250.0
2011;2;14;;250.0
2011;2;15;;250.0
2011;2;16;;250.0
2011;2;17;;250.0
2011;2;18;;250.0
2011;2;19;;250.0
2011;2;20;;250.0
2011;2;21;;250.0
2011;2;22;;250.0
2011;2;23;;250.0
2011;2;24;;250.0
2011;2;25;;250.0
2011;2;26;;250.0
2011;2;27;;250.0
2011;2;28;;250.0
2011;3;1;;250.0
2011;3;2;;250.0
2011;3;3;;250.0
2011;3;4;;250.0
2011;3;5;;250.0
2011;3;6;;250.0
2011;3;7;;250.0
2011;3;8;;250.0
2011;3;9;;250.0
2011;3;10;;250.0
2011;3;11;;250.0
2011;3;12;;250.0
2011;3;13;;250.0
2011;3;14;;250.0
2011;3;15;;250.0
2011;3;16;;250.0
2011;3;17;;250.0
2011;3;18;;250.0
2011;3;19;;250.0
2011;3;20;;250.0
2011;3;21;;250.0
2011;3;22;;250.0
2011;3;23;;250.0
2011;3;24;;250.0
2011;3;25;;250.0
2011;3;26;;250.0
2011;3;27;;250.0
2011;3;28;;250.0
2011;3;29;;250.0
2011;3;30;;250.0
2011;3;31;;250.0
2011;4;1;;250.0
2011;4;2;;250.0
2011;4;3;;250.0
2011;4;4;;250.0
2011;4;5;;250.0
2011;4;6;;250.0
2011;4;7;;250.0
2011;4;8;;250.0
2011;4;9;;250.0
2011;4;10;;250.0
2011;4;11;;250.0
2011;4;12;;250.0
2011;4;13;;250.0
2011;4;14;;250.0
2011;4;15;;250.0
2011;4;16;;250.0
2011;4;17;;250.0
2011;4;18;;250.0
2011;4;19;;250.0
2011;4;20;;250.0
2011;4;21;;250.0
2011;4;22;;250.0
2011;4;23;;250.0
2011;4;24;;250.0
2011;4;25;;250.0
2011;4;26;;250.0
2011;4;27;;250.0
2011;4;28;;250.0
2011;4;29;;250.0
2011;4;30;;250.0
2011;5;1;;250.0
2011;5;2;;250.0
2011;5;3;;250.0
2011;5;4;41.49;40.0
2011;5;5;25.56;40.0
2011;5;6;17.9;40.0
2011;5;7;15.79;40.0
2011;5;8;14.53;40.0
2011;5;9;18.0;40.0
2011;5;10;18.49;40.0
2011;5;11;14.32;40.0
2011;5;12;11.54;40.0
2011;5;13;11.5;40.0
2011;5;14;11.89;40.0
2011;5;15;11.96;40.0
2011;5;16;9.92;40.0
2011;5;17;8.46;40.0
2011;5;18;8.47;40.0
2011;5;19;7.76;40.0
2011;5;20;6.97;40.0
2011;5;21;6.73;40.0
2011;5;22;6.52;40.0
2011;5;23;6.28;40.0
2011;5;24;5.99;40.0
2011;5;25;6.89;40.0
2011;5;26;8.22;40.0
2011;5;27;10.01;40.0
2011;5;28;12.64;40.0
2011;5;29;10.71;40.0
2011;5;30;8.27;40.0
2011;5;31;7.93;40.0
2011;6;1;9.63;40.0
2011;6;2;10.21;40.0
2011;6;3;10.3;40.0
2011;6;4;10.73;40.0
2011;6;5;10.16;40.0
2011;6;6;8.0;40.0
2011;6;7;7.67;40.0
2011;6;8;7.19;40.0
2011;6;9;6.79;40.0
2011;6;10;7.02;40.0
2011;6;11;7.84;40.0
2011;6;12;8.69;40.0
2011;6;13;9.65;40.0
2011;6;14;9.76;40.0
2011;6;15;8.77;40.0
2011;6;16;8.36;40.0
2011;6;17;8.13;40.0
2011;6;18;8.49;40.0
2011;6;19;9.29;40.0
2011;6;20;10.11;40.0
2011;6;21;10.77;40.0
2011;6;22;10.64;40.0
2011;6;23;10.82;40.0
2011;6;24;10.62;40.0
2011;6;25;11.12;40.0
2011;6;26;11.39;40.0
2011;6;27;10.4;40.0
2011;6;28;9.46;40.0
2011;6;29;8.9;40.0
2011;6;30;8.96;40.0
2011;7;1;11.22;40.0
2011;7;2;13.0;40.0
2011;7;3;16.95;40.0
2011;7;4;17.17;40.0
2011;7;5;16.35;40.0
2011;7;6;17.32;40.0
2011;7;7;17.59;40.0
2011;7;8;18.44;40.0
2011;7;9;16.32;40.0
2011;7;10;15.41;40.0
2011;7;11;17.65;40.0
2011;7;12;19.06;40.0
2011;7;13;22.23;40.0
2011;7;14;22.65;40.0
2011;7;15;20.57;40.0
2011;7;16;17.64;40.0
2011;7;17;15.84;40.0
2011;7;18;18.0;40.0
2011;7;19;18.19;40.0
2011;7;20;18.13;40.0
2011;7;21;20.62;40.0
2011;7;22;23.22;40.0
2011;7;23;27.33;40.0
2011;7;24;33.4;40.0
2011;7;25;35.67;40.0
2011;7;26;36.92;40.0
2011;7;27;44.02;40.0
2011;7;28;44.87;40.0
2011;7;29;41.27;40.0
2011;7;30;35.41;40.0
2011;7;31;31.54;40.0
2011;8;1;33.06;40.0
2011;8;2;41.61;40.0
2011;8;3;39.92;40.0
2011;8;4;38.24;40.0
2011;8;5;41.18;40.0
2011;8;6;40.48;40.0
2011;8;7;34.86;40.0
2011;8;8;30.78;40.0
2011;8;9;28.67;40.0
2011;8;10;28.34;40.0
2011;8;11;28.72;40.0
2011;8;12;28.61;40.0
2011;8;13;25.74;40.0
2011;8;14;21.4;40.0
2011;8;15;20.53;40.0
2011;8;16;21.28;40.0
2011;8;17;20.55;40.0
2011;8;18;19.54;40.0
2011;8;19;18.97;40.0
2011;8;20;19.32;40.0
2011;8;21;21.01;40.0
2011;8;22;20.74;40.0
2011;8;23;20.73;40.0
2011;8;24;19.74;40.0
2011;8;25;15.58;40.0
2011;8;26;14.09;40.0
2011;8;27;13.31;40.0
2011;8;28;14.43;40.0
2011;8;29;20.1;40.0
2011;8;30;18.91;40.0
2011;8;31;28.49;40.0
2011;9;1;29.01;40.0
2011;9;2;25.98;40.0
2011;9;3;36.71;40.0
2011;9;4;29.04;40.0
2011;9;5;26.22;40.0
2011;9;6;24.61;40.0
2011;9;7;21.94;40.0
2011;9;8;15.66;40.0
2011;9;9;14.6;40.0
2011;9;10;13.45;40.0
2011;9;11;12.36;40.0
2011;9;12;11.68;40.0
2011;9;13;10.92;40.0
2011;9;14;10.43;40.0
2011;9;15;11.46;40.0
2011;9;16;20.24;40.0
2011;9;17;15.9;40.0
2011;9;18;13.81;40.0
2011;9;19;16.1;40.0
2011;9;20;12.38;40.0
2011;9;21;10.65;40.0
2011;9;22;10.36;40.0
2011;9;23;9.55;40.0
2011;9;24;9.7;40.0
2011;9;25;13.66;40.0
2011;9;26;13.62;40.0
2011;9;27;12.05;40.0
2011;9;28;15.68;40.0
2011;9;29;20.22;40.0
2011;9;30;27.7;40.0
2011;10;1;19.46;40.0
2011;10;2;16.19;40.0
2011;10;3;15.31;40.0
2011;10;4;11.41;40.0
2011;10;5;9.88;40.0
2011;10;6;9.23;40.0
2011;10;7;9.12;40.0
2011;10;8;9.03;40.0
2011;10;9;9.83;40.0
2011;10;10;8.95;40.0
2011;10;11;9.23;40.0
2011;10;12;9.37;40.0
2011;10;13;32.93;40.0
2011;10;14;19.16;40.0
2011;10;15;10.08;40.0
2011;10;16;10.17;40.0
2011;10;17;9.78;40.0
2011;10;18;8.49;40.0
2011;10;19;9.37;40.0
2011;10;20;9.4;40.0
2011;10;21;9.46;40.0
2011;10;22;9.16;40.0
2011;10;23;9.01;40.0
2011;10;24;8.94;40.0
2011;10;25;9.24;40.0
2011;10;26;9.12;40.0
2011;10;27;9.14;40.0
2011;10;28;8.88;40.0
2011;10;29;8.64;40.0
2011;10;30;8.24;40.0
2011;10;31;8.14;40.0
2011;11;1;8.53;40.0
2011;11;2;8.65;40.0
2011;11;3;8.53;40.0
2011;11;4;9.08;40.0
2011;11;5;9.0;40.0
2011;11;6;7.63;40.0
2011;11;7;7.66;40.0
2011;11;8;17.8;40.0
2011;11;9;18.4;40.0
2011;11;10;17.61;40.0
2011;11;11;15.06;40.0
2011;11;12;13.45;40.0
2011;11;13;11.68;40.0
2011;11;14;13.1;40.0
2011;11;15;24.76;40.0
2011;11;16;21.86;40.0
2011;11;17;16.14;40.0
2011;11;18;13.56;40.0
2011;11;19;11.23;40.0
2011;11;20;12.23;40.0
2011;11;21;9.37;40.0
2011;11;22;9.8;40.0
2011;11;23;10.68;40.0
2011;11;24;;250.0
2011;11;25;;250.0
2011;11;26;;250.0
2011;11;27;;250.0
2011;11;28;;250.0
2011;11;29;;250.0
2011;11;30;;250.0
2011;12;1;;250.0
2011;12;2;;250.0
2011;12;3;;250.0
2011;12;4;;250.0
2011;12;5;;250.0
2011;12;6;;250.0
2011;12;7;;250.0
2011;12;8;;250.0
2011;12;9;;250.0
2011;12;10;;250.0
2011;12;11;;250.0
2011;12;12;;250.0
2011;12;13;;250.0
2011;12;14;;250.0
2011;12;15;;250.0
2011;12;16;;250.0
2011;12;17;;250.0
2011;12;18;;250.0
2011;12;19;;250.0
2011;12;20;;250.0
2011;12;21;;250.0
2011;12;22;;250.0
2011;12;23;;250.0
2011;12;24;;250.0
2011;12;25;;250.0
2011;12;26;;250.0
2011;12;27;;250.0
2011;12;28;;250.0
2011;12;29;;250.0
2011;12;30;;250.0
2011;12;31;;250.0
2012;1;1;;250.0
2012;1;2;;250.0
2012;1;3;;250.0
2012;1;4;;250.0
2012;1;5;;250.0
2012;1;6;;250.0
2012;1;7;;250.0
2012;1;8;;250.0
2012;1;9;;250.0
2012;1;10;;250.0
2012;1;11;;250.0
2012;1;12;;250.0
2012;1;13;;250.0
2012;1;14;;250.0
2012;1;15;;250.0
2012;1;16;;250.0
2012;1;17;;250.0
2012;1;18;;250.0
2012;1;19;;250.0
2012;1;20;;250.0
2012;1;21;;250.0
2012;1;22;;250.0
2012;1;23;;250.0
2012;1;24;;250.0
2012;1;25;;250.0
2012;1;26;;250.0
2012;1;27;;250.0
2012;1;28;;250.0
2012;1;29;;250.0
2012;1;30;;250.0
2012;1;31;;250.0
2012;2;1;;250.0
2012;2;2;;250.0
2012;2;3;;250.0
2012;2;4;;250.0
2012;2;5;;250.0
2012;2;6;;250.0
2012;2;7;;250.0
2012;2;8;;250.0
2012;2;9;;250.0
2012;2;10;;250.0
2012;2;11;;250.0
2012;2;12;;250.0
2012;2;13;;250.0
2012;2;14;;250.0
2012;2;15;;250.0
2012;2;16;;250.0
2012;2;17;;250.0
2012;2;18;;250.0
2012;2;19;;250.0
2012;2;20;;250.0
2012;2;21;;250.0
2012;2;22;;250.0
2012;2;23;;250.0
2012;2;24;;250.0
2012;2;25;;250.0
2012;2;26;;250.0
2012;2;27;;250.0
2012;2;28;;250.0
2012;2;29;;250.0
2012;3;1;;250.0
2012;3;2;;250.0
2012;3;3;;250.0
2012;3;4;;250.0
2012;3;5;;250.0
2012;3;6;;250.0
2012;3;7;;250.0
2012;3;8;;250.0
2012;3;9;;250.0
2012;3;10;;250.0
2012;3;11;;250.0
2012;3;12;;250.0
2012;3;13;;250.0
2012;3;14;;250.0
2012;3;15;;250.0
2012;3;16;;250.0
2012;3;17;;250.0
2012;3;18;;250.0
2012;3;19;;250.0
2012;3;20;;250.0
2012;3;21;;250.0
2012;3;22;;250.0
2012;3;23;;250.0
2012;3;24;;250.0
2012;3;25;;250.0
2012;3;26;;250.0
2012;3;27;;250.0
2012;3;28;;250.0
2012;3;29;;250.0
2012;3;30;;250.0
2012;3;31;;250.0
2012;4;1;;250.0
2012;4;2;;250.0
2012;4;3;;250.0
2012;4;4;;250.0
2012;4;5;;250.0
2012;4;6;;250.0
2012;4;7;;250.0
2012;4;8;;250.0
2012;4;9;;250.0
2012;4;10;;250.0
2012;4;11;18.3;40.0
2012;4;12;15.96;40.0
2012;4;13;14.78;40.0
2012;4;14;13.8;40.0
2012;4;15;13.2;40.0
2012;4;16;12.63;40.0
2012;4;17;11.47;40.0
2012;4;18;11.44;40.0
2012;4;19;12.44;40.0
2012;4;20;10.64;40.0
2012;4;21;9.77;40.0
2012;4;22;7.99;40.0
2012;4;23;7.39;40.0
2012;4;24;7.36;40.0
2012;4;25;7.15;40.0
2012;4;26;7.17;40.0
2012;4;27;7.26;40.0
2012;4;28;7.45;40.0
2012;4;29;8.42;40.0
2012;4;30;9.86;40.0
2012;5;1;11.91;40.0
2012;5;2;12.65;40.0
2012;5;3;12.83;40.0
2012;5;4;10.92;40.0
2012;5;5;9.47;40.0
2012;5;6;8.42;40.0
2012;5;7;7.95;40.0
2012;5;8;7.59;40.0
2012;5;9;7.54;40.0
2012;5;10;7.5;40.0
2012;5;11;7.77;40.0
2012;5;12;8.39;40.0
2012;5;13;8.27;40.0
2012;5;14;7.16;40.0
2012;5;15;7.04;40.0
2012;5;16;7.4;40.0
2012;5;17;7.2;40.0
2012;5;18;7.32;40.0
2012;5;19;7.55;40.0
2012;5;20;8.23;40.0
2012;5;21;9.73;40.0
2012;5;22;10.61;40.0
2012;5;23;19.2;40.0
2012;5;24;23.64;40.0
2012;5;25;28.4;40.0
2012;5;26;29.55;40.0
2012;5;27;25.88;40.0
2012;5;28;21.62;40.0
2012;5;29;19.73;40.0
2012;5;30;17.37;40.0
2012;5;31;15.48;40.0
2012;6;1;14.23;40.0
2012;6;2;14.22;40.0
2012;6;3;14.94;40.0
2012;6;4;14.81;40.0
2012;6;5;13.28;40.0
2012;6;6;11.26;40.0
2012;6;7;9.97;40.0
2012;6;8;9.22;40.0
2012;6;9;9.48;40.0
2012;6;10;10.71;40.0
2012;6;11;11.55;40.0
2012;6;12;11.92;40.0
2012;6;13;12.08;40.0
2012;6;14;11.64;40.0
2012;6;15;11.16;40.0
2012;6;16;11.04;40.0
2012;6;17;11.01;40.0
2012;6;18;10.85;40.0
2012;6;19;11.45;40.0
2012;6;20;11.09;40.0
2012;6;21;11.88;40.0
2012;6;22;13.83;40.0
2012;6;23;16.92;40.0
2012;6;24;18.97;40.0
2012;6;25;18.66;40.0
2012;6;26;19.35;40.0
2012;6;27;19.96;40.0
2012;6;28;19.28;40.0
2012;6;29;18.75;40.0
2012;6;30;17.69;40.0
2012;7;1;18.5;40.0
2012;7;2;20.06;40.0
2012;7;3;21.66;40.0
2012;7;4;22.67;40.0
2012;7;5;21.15;40.0
2012;7;6;20.47;40.0
2012;7;7;22.96;40.0
2012;7;8;24.77;40.0
2012;7;9;26.22;40.0
2012;7;10;21.88;40.0
2012;7;11;21.23;40.0
2012;7;12;22.8;40.0
2012;7;13;24.79;40.0
2012;7;14;26.04;40.0
2012;7;15;24.03;40.0
2012;7;16;23.95;40.0
2012;7;17;26.78;40.0
2012;7;18;27.64;40.0
2012;7;19;27.65;40.0
2012;7;20;30.03;40.0
2012;7;21;29.57;40.0
2012;7;22;33.68;40.0
2012;7;23;36.53;40.0
2012;7;24;31.72;40.0
2012;7;25;25.84;40.0
2012;7;26;25.8;40.0
2012;7;27;29.32;40.0
2012;7;28;32.19;40.0
2012;7;29;30.8;40.0
2012;7;30;29.15;40.0
2012;7;31;29.08;40.0
2012;8;1;30.14;40.0
2012;8;2;29.98;40.0
2012;8;3;31.33;40.0
2012;8;4;31.89;40.0
2012;8;5;31.6;40.0
2012;8;6;33.39;40.0
2012;8;7;31.67;40.0
2012;8;8;35.01;40.0
2012;8;9;54.48;40.0
2012;8;10;58.21;40.0
2012;8;11;66.73;40.0
2012;8;12;61.48;40.0
2012;8;13;55.89;40.0
2012;8;14;55.23;40.0
2012;8;15;53.81;40.0
2012;8;16;50.5;40.0
2012;8;17;44.58;40.0
2012;8;18;41.62;40.0
2012;8;19;32.62;40.0
2012;8;20;32.75;40.0
2012;8;21;36.65;40.0
2012;8;22;33.86;40.0
2012;8;23;28.8;40.0
2012;8;24;29.46;40.0
2012;8;25;20.7;40.0
2012;8;26;17.56;40.0
2012;8;27;15.39;40.0
2012;8;28;13.83;40.0
2012;8;29;13.03;40.0
2012;8;30;12.65;40.0
2012;8;31;18.28;40.0
2012;9;1;24.66;40.0
2012;9;2;21.02;40.0
2012;9;3;29.73;40.0
2012;9;4;24.26;40.0
2012;9;5;20.86;40.0
2012;9;6;18.24;40.0
2012;9;7;13.39;40.0
2012;9;8;12.31;40.0
2012;9;9;12.16;40.0
2012;9;10;7.92;100.0
2012;9;11;8.02;100.0
2012;9;12;10.6;40.0
2012;9;13;15.15;40.0
2012;9;14;13.31;40.0
2012;9;15;13.01;40.0
2012;9;16;12.6;40.0
2012;9;17;11.08;40.0
2012;9;18;11.46;40.0
2012;9;19;11.48;40.0
2012;9;20;11.12;40.0
2012;9;21;10.96;40.0
2012;9;22;14.68;40.0
2012;9;23;13.68;40.0
2012;9;24;13.41;40.0
2012;9;25;11.63;40.0
2012;9;26;11.71;40.0
2012;9;27;10.96;40.0
2012;9;28;10.57;40.0
2012;9;29;10.3;40.0
2012;9;30;10.36;40.0
2012;10;1;10.36;40.0
2012;10;2;10.23;40.0
2012;10;3;9.43;40.0
2012;10;4;10.17;40.0
2012;10;5;10.06;40.0
2012;10;6;9.47;40.0
2012;10;7;9.12;40.0
2012;10;8;8.8;40.0
2012;10;9;9.5;40.0
2012;10;10;11.06;40.0
2012;10;11;11.86;40.0
2012;10;12;10.21;40.0
2012;10;13;10.02;40.0
2012;10;14;8.96;40.0
2012;10;15;;250.0
2012;10;16;;250.0
2012;10;17;;250.0
2012;10;18;;250.0
2012;10;19;;250.0
2012;10;20;;250.0
2012;10;21;;250.0
2012;10;22;;250.0
2012;10;23;;250.0
2012;10;24;;250.0
2012;10;25;;250.0
2012;10;26;;250.0
2012;10;27;;250.0
2012;10;28;;250.0
2012;10;29;;250.0
2012;10;30;;250.0
2012;10;31;;250.0
2012;11;1;;250.0
2012;11;2;;250.0
2012;11;3;;250.0
2012;11;4;;250.0
2012;11;5;;250.0
2012;11;6;;250.0
2012;11;7;;250.0
2012;11;8;;250.0
2012;11;9;;250.0
2012;11;10;;250.0
2012;11;11;;250.0
2012;11;12;;250.0
2012;11;13;;250.0
2012;11;14;;250.0
2012;11;15;;250.0
2012;11;16;;250.0
2012;11;17;;250.0
2012;11;18;;250.0
2012;11;19;;250.0
2012;11;20;;250.0
2012;11;21;;250.0
2012;11;22;;250.0
2012;11;23;;250.0
2012;11;24;;250.0
2012;11;25;;250.0
2012;11;26;;250.0
2012;11;27;;250.0
2012;11;28;;250.0
2012;11;29;;250.0
2012;11;30;;250.0
2012;12;1;;250.0
2012;12;2;;250.0
2012;12;3;;250.0
2012;12;4;;250.0
2012;12;5;;250.0
2012;12;6;;250.0
2012;12;7;;250.0
2012;12;8;;250.0
2012;12;9;;250.0
2012;12;10;;250.0
2012;12;11;;250.0
2012;12;12;;250.0
2012;12;13;;250.0
2012;12;14;;250.0
2012;12;15;;250.0
2012;12;16;;250.0
2012;12;17;;250.0
2012;12;18;;250.0
2012;12;19;;250.0
2012;12;20;;250.0
2012;12;21;;250.0
2012;12;22;;250.0
2012;12;23;;250.0
2012;12;24;;250.0
2012;12;25;;250.0
2012;12;26;;250.0
2012;12;27;;250.0
2012;12;28;;250.0
2012;12;29;;250.0
2012;12;30;;250.0
2012;12;31;;250.0
2013;1;1;;250.0
2013;1;2;;250.0
2013;1;3;;250.0
2013;1;4;;250.0
2013;1;5;;250.0
2013;1;6;;250.0
2013;1;7;;250.0
2013;1;8;;250.0
2013;1;9;;250.0
2013;1;10;;250.0
2013;1;11;;250.0
2013;1;12;;250.0
2013;1;13;;250.0
2013;1;14;;250.0
2013;1;15;;250.0
2013;1;16;;250.0
2013;1;17;;250.0
2013;1;18;;250.0
2013;1;19;;250.0
2013;1;20;;250.0
2013;1;21;;250.0
2013;1;22;;250.0
2013;1;23;;250.0
2013;1;24;;250.0
2013;1;25;;250.0
2013;1;26;;250.0
2013;1;27;;250.0
2013;1;28;;250.0
2013;1;29;;250.0
2013;1;30;;250.0
2013;1;31;;250.0
2013;2;1;;250.0
2013;2;2;;250.0
2013;2;3;;250.0
2013;2;4;;250.0
2013;2;5;;250.0
2013;2;6;;250.0
2013;2;7;;250.0
2013;2;8;;250.0
2013;2;9;;250.0
2013;2;10;;250.0
2013;2;11;;250.0
2013;2;12;;250.0
2013;2;13;;250.0
2013;2;14;;250.0
2013;2;15;;250.0
2013;2;16;;250.0
2013;2;17;;250.0
2013;2;18;;250.0
2013;2;19;;250.0
2013;2;20;;250.0
2013;2;21;;250.0
2013;2;22;;250.0
2013;2;23;;250.0
2013;2;24;;250.0
2013;2;25;;250.0
2013;2;26;;250.0
2013;2;27;14.45;40.0
2013;2;28;10.48;40.0
2013;3;1;12.18;40.0
2013;3;2;10.59;40.0
2013;3;3;9.03;40.0
2013;3;4;;250.0
2013;3;5;;250.0
2013;3;6;;250.0
2013;3;7;;250.0
2013;3;8;;250.0
2013;3;9;;250.0
2013;3;10;;250.0
2013;3;11;;250.0
2013;3;12;;250.0
2013;3;13;;250.0
2013;3;14;;250.0
2013;3;15;;250.0
2013;3;16;;250.0
2013;3;17;;250.0
2013;3;18;;250.0
2013;3;19;;250.0
2013;3;20;;250.0
2013;3;21;;250.0
2013;3;22;;250.0
2013;3;23;;250.0
2013;3;24;;250.0
2013;3;25;;250.0
2013;3;26;;250.0
2013;3;27;;250.0
2013;3;28;;250.0
2013;3;29;;250.0
2013;3;30;;250.0
2013;3;31;;250.0
2013;4;1;;250.0
2013;4;2;;250.0
2013;4;3;;250.0
2013;4;4;;250.0
2013;4;5;;250.0
2013;4;6;;250.0
2013;4;7;;250.0
2013;4;8;;250.0
2013;4;9;;250.0
2013;4;10;;250.0
2013;4;11;;250.0
2013;4;12;;250.0
2013;4;13;;250.0
2013;4;14;;250.0
2013;4;15;;250.0
2013;4;16;;250.0
2013;4;17;;250.0
2013;4;18;;250.0
2013;4;19;;250.0
2013;4;20;;250.0
2013;4;21;;250.0
2013;4;22;;250.0
2013;4;23;;250.0
2013;4;24;;250.0
2013;4;25;;250.0
2013;4;26;;250.0
2013;4;27;;250.0
2013;4;28;;250.0
2013;4;29;;250.0
2013;4;30;;250.0
2013;5;1;;250.0
2013;5;2;;250.0
2013;5;3;;250.0
2013;5;4;;250.0
2013;5;5;;250.0
2013;5;6;;250.0
2013;5;7;;250.0
2013;5;8;;250.0
2013;5;9;;250.0
2013;5;10;;250.0
2013;5;11;10.92;40.0
2013;5;12;10.9;40.0
2013;5;13;11.39;40.0
2013;5;14;9.99;40.0
2013;5;15;8.68;40.0
2013;5;16;8.4;40.0
2013;5;17;9.21;40.0
2013;5;18;15.75;40.0
2013;5;19;18.67;40.0
2013;5;20;17.12;40.0
2013;5;21;15.71;40.0
2013;5;22;10.07;40.0
2013;5;23;10.07;40.0
2013;5;24;18.29;40.0
2013;5;25;20.78;40.0
2013;5;26;16.54;40.0
2013;5;27;12.05;40.0
2013;5;28;11.91;40.0
2013;5;29;16.57;40.0
2013;5;30;16.39;40.0
2013;5;31;17.21;40.0
2013;6;1;14.15;40.0
2013;6;2;13.51;40.0
2013;6;3;17.32;40.0
2013;6;4;22.17;40.0
2013;6;5;28.19;40.0
2013;6;6;22.25;40.0
2013;6;7;17.85;40.0
2013;6;8;17.18;40.0
2013;6;9;17.98;40.0
2013;6;10;18.04;40.0
2013;6;11;17.18;40.0
2013;6;12;15.39;40.0
2013;6;13;13.86;40.0
2013;6;14;13.1;40.0
2013;6;15;12.59;40.0
2013;6;16;12.88;40.0
2013;6;17;14.45;40.0
2013;6;18;17.41;40.0
2013;6;19;16.06;40.0
2013;6;20;14.52;40.0
2013;6;21;14.13;40.0
2013;6;22;14.29;40.0
2013;6;23;14.21;40.0
2013;6;24;14.77;40.0
2013;6;25;15.03;40.0
2013;6;26;17.93;40.0
2013;6;27;14.22;40.0
2013;6;28;12.06;40.0
2013;6;29;11.7;40.0
2013;6;30;10.92;40.0
2013;7;1;9.62;40.0
2013;7;2;8.43;40.0
2013;7;3;8.19;40.0
2013;7;4;9.6;40.0
2013;7;5;11.21;40.0
2013;7;6;15.12;40.0
2013;7;7;13.12;40.0
2013;7;8;18.31;40.0
2013;7;9;16.84;40.0
2013;7;10;20.22;40.0
2013;7;11;23.63;40.0
2013;7;12;17.94;40.0
2013;7;13;14.89;40.0
2013;7;14;15.5;40.0
2013;7;15;17.3;40.0
2013;7;16;19.53;40.0
2013;7;17;20.1;40.0
2013;7;18;20.87;40.0
2013;7;19;30.06;40.0
2013;7;20;26.23;40.0
2013;7;21;40.36;40.0
2013;7;22;36.83;40.0
2013;7;23;42.26;40.0
2013;7;24;42.57;40.0
2013;7;25;41.76;40.0
2013;7;26;41.04;40.0
2013;7;27;41.48;40.0
2013;7;28;39.46;40.0
2013;7;29;35.84;40.0
2013;7;30;27.34;40.0
2013;7;31;22.62;40.0
2013;8;1;18.51;40.0
2013;8;2;16.38;40.0
2013;8;3;19.03;40.0
2013;8;4;17.12;40.0
2013;8;5;13.44;40.0
2013;8;6;12.72;40.0
2013;8;7;13.62;40.0
2013;8;8;17.3;40.0
2013;8;9;18.49;40.0
2013;8;10;18.73;40.0
2013;8;11;17.85;40.0
2013;8;12;15.75;40.0
2013;8;13;19.25;40.0
2013;8;14;28.7;40.0
2013;8;15;25.91;40.0
2013;8;16;24.3;40.0
2013;8;17;21.13;40.0
2013;8;18;19.0;40.0
2013;8;19;21.54;40.0
2013;8;20;19.76;40.0
2013;8;21;19.82;40.0
2013;8;22;30.68;40.0
2013;8;23;32.9;40.0
2013;8;24;37.88;40.0
2013;8;25;26.46;40.0
2013;8;26;23.37;40.0
2013;8;27;21.69;40.0
2013;8;28;17.78;40.0
2013;8;29;18.6;40.0
2013;8;30;30.32;40.0
2013;8;31;14.24;40.0
2013;9;1;14.09;40.0
2013;9;2;15.26;40.0
2013;9;3;12.46;40.0
2013;9;4;11.16;40.0
2013;9;5;10.8;40.0
2013;9;6;10.22;40.0
2013;9;7;10.4;40.0
2013;9;8;16.4;40.0
2013;9;9;16.96;40.0
2013;9;10;15.93;40.0
2013;9;11;17.15;40.0
2013;9;12;19.05;40.0
2013;9;13;10.97;40.0
2013;9;14;9.7;40.0
2013;9;15;9.02;40.0
2013;9;16;7.71;40.0
2013;9;17;8.4;40.0
2013;9;18;8.17;40.0
2013;9;19;8.73;40.0
2013;9;20;9.3;40.0
2013;9;21;9.22;40.0
2013;9;22;9.14;40.0
2013;9;23;8.82;40.0
2013;9;24;8.7;40.0
2013;9;25;9.21;40.0
2013;9;26;9.72;40.0
2013;9;27;9.17;40.0
2013;9;28;8.23;40.0
2013;9;29;8.2;40.0
2013;9;30;9.2;40.0
2013;10;1;13.58;40.0
2013;10;2;18.8;40.0
2013;10;3;15.36;40.0
2013;10;4;12.82;40.0
2013;10;5;10.88;40.0
2013;10;6;10.46;40.0
2013;10;7;10.78;40.0
2013;10;8;10.55;40.0
2013;10;9;10.33;40.0
2013;10;10;11.48;40.0
2013;10;11;21.56;40.0
2013;10;12;17.24;40.0
2013;10;13;12.26;40.0
2013;10;14;11.18;40.0
2013;10;15;10.65;40.0
2013;10;16;10.35;40.0
2013;10;17;10.48;40.0
2013;10;18;10.39;40.0
2013;10;19;9.61;40.0
2013;10;20;9.82;40.0
2013;10;21;10.69;40.0
2013;10;22;10.0;40.0
2013;10;23;9.55;40.0
2013;10;24;8.9;40.0
2013;10;25;8.88;40.0
2013;10;26;9.09;40.0
2013;10;27;9.41;40.0
2013;10;28;8.68;40.0
2013;10;29;8.91;40.0
2013;10;30;;250.0
2013;10;31;;250.0
2013;11;1;;250.0
2013;11;2;;250.0
2013;11;3;;250.0
2013;11;4;;250.0
2013;11;5;;250.0
2013;11;6;;250.0
2013;11;7;;250.0
2013;11;8;;250.0
2013;11;9;;250.0
2013;11;10;;250.0
2013;11;11;;250.0
2013;11;12;;250.0
2013;11;13;;250.0
2013;11;14;;250.0
2013;11;15;;250.0
2013;11;16;;250.0
2013;11;17;;250.0
2013;11;18;;250.0
2013;11;19;;250.0
2013;11;20;;250.0
2013;11;21;;250.0
2013;11;22;;250.0
2013;11;23;;250.0
2013;11;24;;250.0
2013;11;25;;250.0
2013;11;26;;250.0
2013;11;27;;250.0
2013;11;28;;250.0
2013;11;29;;250.0
2013;11;30;;250.0
2013;12;1;;250.0
2013;12;2;;250.0
2013;12;3;;250.0
2013;12;4;;250.0
2013;12;5;;250.0
2013;12;6;;250.0
2013;12;7;;250.0
2013;12;8;;250.0
2013;12;9;;250.0
2013;12;10;;250.0
2013;12;11;;250.0
2013;12;12;;250.0
2013;12;13;;250.0
2013;12;14;;250.0
2013;12;15;;250.0
2013;12;16;;250.0
2013;12;17;;250.0
2013;12;18;;250.0
2013;12;19;;250.0
2013;12;20;;250.0
2013;12;21;;250.0
2013;12;22;;250.0
2013;12;23;;250.0
2013;12;24;;250.0
2013;12;25;;250.0
2013;12;26;;250.0
2013;12;27;;250.0
2013;12;28;;250.0
2013;12;29;;250.0
2013;12;30;;250.0
2013;12;31;;250.0
2014;1;1;;250.0
2014;1;2;;250.0
2014;1;3;;250.0
2014;1;4;;250.0
2014;1;5;;250.0
2014;1;6;;250.0
2014;1;7;;250.0
2014;1;8;;250.0
2014;1;9;;250.0
2014;1;10;;250.0
2014;1;11;;250.0
2014;1;12;;250.0
2014;1;13;;250.0
2014;1;14;;250.0
2014;1;15;;250.0
2014;1;16;;250.0
2014;1;17;;250.0
2014;1;18;;250.0
2014;1;19;;250.0
2014;1;20;;250.0
2014;1;21;;250.0
2014;1;22;;250.0
2014;1;23;;250.0
2014;1;24;;250.0
2014;1;25;;250.0
2014;1;26;;250.0
2014;1;27;;250.0
2014;1;28;;250.0
2014;1;29;;250.0
2014;1;30;;250.0
2014;1;31;;250.0
2014;2;1;;250.0
2014;2;2;;250.0
2014;2;3;;250.0
2014;2;4;;250.0
2014;2;5;;250.0
2014;2;6;;250.0
2014;2;7;;250.0
2014;2;8;;250.0
2014;2;9;;250.0
2014;2;10;;250.0
2014;2;11;;250.0
2014;2;12;;250.0
2014;2;13;;250.0
2014;2;14;;250.0
2014;2;15;;250.0
2014;2;16;;250.0
2014;2;17;;250.0
2014;2;18;;250.0
2014;2;19;;250.0
2014;2;20;;250.0
2014;2;21;;250.0
2014;2;22;;250.0
2014;2;23;;250.0
2014;2;24;;250.0
2014;2;25;;250.0
2014;2;26;;250.0
2014;2;27;;250.0
2014;2;28;;250.0
2014;3;1;;250.0
2014;3;2;;250.0
2014;3;3;;250.0
2014;3;4;;250.0
2014;3;5;;250.0
2014;3;6;;250.0
2014;3;7;;250.0
2014;3;8;;250.0
2014;3;9;;250.0
2014;3;10;;250.0
2014;3;11;;250.0
2014;3;12;;250.0
2014;3;13;;250.0
2014;3;14;;250.0
2014;3;15;;250.0
2014;3;16;;250.0
2014;3;17;;250.0
2014;3;18;;250.0
2014;3;19;;250.0
2014;3;20;;250.0
2014;3;21;;250.0
2014;3;22;;250.0
2014;3;23;;250.0
2014;3;24;;250.0
2014;3;25;;250.0
2014;3;26;;250.0
2014;3;27;;250.0
2014;3;28;;250.0
2014;3;29;;250.0
2014;3;30;;250.0
2014;3;31;;250.0
2014;4;1;;250.0
2014;4;2;;250.0
2014;4;3;;250.0
2014;4;4;;250.0
2014;4;5;;250.0
2014;4;6;;250.0
2014;4;7;;250.0
2014;4;8;;250.0
2014;4;9;;250.0
2014;4;10;;250.0
2014;4;11;;250.0
2014;4;12;;250.0
2014;4;13;;250.0
2014;4;14;;250.0
2014;4;15;;250.0
2014;4;16;;250.0
2014;4;17;;250.0
2014;4;18;;250.0
2014;4;19;;250.0
2014;4;20;;250.0
2014;4;21;;250.0
2014;4;22;;250.0
2014;4;23;;250.0
2014;4;24;;250.0
2014;4;25;;250.0
2014;4;26;;250.0
2014;4;27;;250.0
2014;4;28;;250.0
2014;4;29;;250.0
2014;4;30;;250.0
2014;5;1;;250.0
2014;5;2;;250.0
2014;5;3;;250.0
2014;5;4;;250.0
2014;5;5;;250.0
2014;5;6;;250.0
2014;5;7;;250.0
2014;5;8;;250.0
2014;5;9;;250.0
2014;5;10;;250.0
2014;5;11;;250.0
2014;5;12;;250.0
2014;5;13;;250.0
2014;5;14;;250.0
2014;5;15;;250.0
2014;5;16;;250.0
2014;5;17;16.29;40.0
2014;5;18;16.21;40.0
2014;5;19;13.7;40.0
2014;5;20;14.04;40.0
2014;5;21;12.38;40.0
2014;5;22;11.39;40.0
2014;5;23;12.85;40.0
2014;5;24;25.16;40.0
2014;5;25;33.85;40.0
2014;5;26;38.88;40.0
2014;5;27;37.8;40.0
2014;5;28;33.11;40.0
2014;5;29;35.68;40.0
2014;5;30;32.82;40.0
2014;5;31;30.82;40.0
2014;6;1;27.39;40.0
2014;6;2;25.99;40.0
2014;6;3;22.39;40.0
2014;6;4;21.29;40.0
2014;6;5;20.93;40.0
2014;6;6;19.28;40.0
2014;6;7;18.27;40.0
2014;6;8;18.22;40.0
2014;6;9;17.9;40.0
2014;6;10;18.39;40.0
2014;6;11;18.5;40.0
2014;6;12;17.46;40.0
2014;6;13;18.5;40.0
2014;6;14;20.62;40.0
2014;6;15;20.62;40.0
2014;6;16;20.32;40.0
2014;6;17;22.66;40.0
2014;6;18;28.31;40.0
2014;6;19;25.36;40.0
2014;6;20;23.54;40.0
2014;6;21;24.87;40.0
2014;6;22;24.29;40.0
2014;6;23;23.15;40.0
2014;6;24;24.87;40.0
2014;6;25;31.68;40.0
2014;6;26;28.92;40.0
2014;6;27;26.55;40.0
2014;6;28;27.62;40.0
2014;6;29;27.72;40.0
2014;6;30;31.81;40.0
2014;7;1;35.32;40.0
2014;7;2;38.37;40.0
2014;7;3;32.17;40.0
2014;7;4;27.97;40.0
2014;7;5;21.94;40.0
2014;7;6;20.27;40.0
2014;7;7;20.18;40.0
2014;7;8;22.65;40.0
2014;7;9;23.86;40.0
2014;7;10;27.49;40.0
2014;7;11;34.42;40.0
2014;7;12;29.97;40.0
2014;7;13;27.84;40.0
2014;7;14;35.0;40.0
2014;7;15;29.71;40.0
2014;7;16;30.73;40.0
2014;7;17;30.33;40.0
2014;7;18;33.84;40.0
2014;7;19;42.53;40.0
2014;7;20;38.13;40.0
2014;7;21;45.68;40.0
2014;7;22;60.84;40.0
2014;7;23;54.12;40.0
2014;7;24;51.93;40.0
2014;7;25;50.27;40.0
2014;7;26;49.48;40.0
2014;7;27;46.42;40.0
2014;7;28;54.72;40.0
2014;7;29;53.06;40.0
2014;7;30;42.04;40.0
2014;7;31;30.33;40.0
2014;8;1;26.76;40.0
2014;8;2;23.88;40.0
2014;8;3;23.96;40.0
2014;8;4;26.3;40.0
2014;8;5;28.04;40.0
2014;8;6;30.37;40.0
2014;8;7;34.18;40.0
2014;8;8;43.01;40.0
2014;8;9;36.56;40.0
2014;8;10;34.17;40.0
2014;8;11;32.25;40.0
2014;8;12;29.05;40.0
2014;8;13;27.22;40.0
2014;8;14;24.7;40.0
2014;8;15;23.33;40.0
2014;8;16;25.9;40.0
2014;8;17;19.78;40.0
2014;8;18;20.22;40.0
2014;8;19;22.87;40.0
2014;8;20;22.51;40.0
2014;8;21;20.44;40.0
2014;8;22;19.3;40.0
2014;8;23;19.39;40.0
2014;8;24;20.89;40.0
2014;8;25;30.98;40.0
2014;8;26;43.57;40.0
2014;8;27;39.61;40.0
2014;8;28;32.41;40.0
2014;8;29;28.04;40.0
2014;8;30;30.84;40.0
2014;8;31;45.62;40.0
2014;9;1;34.54;40.0
2014;9;2;31.18;40.0
2014;9;3;27.87;40.0
2014;9;4;24.6;40.0
2014;9;5;24.45;40.0
2014;9;6;27.07;40.0
2014;9;7;27.33;40.0
2014;9;8;29.43;40.0
2014;9;9;37.95;40.0
2014;9;10;33.06;40.0
2014;9;11;29.43;40.0
2014;9;12;33.42;40.0
2014;9;13;20.51;40.0
2014;9;14;30.74;40.0
2014;9;15;45.92;40.0
2014;9;16;23.82;40.0
2014;9;17;21.9;40.0
2014;9;18;24.61;40.0
2014;9;19;25.53;40.0
2014;9;20;22.44;40.0
2014;9;21;22.78;40.0
2014;9;22;31.05;40.0
2014;9;23;20.66;40.0
2014;9;24;19.05;40.0
2014;9;25;18.34;40.0
2014;9;26;15.78;40.0
2014;9;27;14.75;40.0
2014;9;28;14.66;40.0
2014;9;29;21.52;40.0
2014;9;30;21.08;40.0
2014;10;1;;250.0
2014;10;2;12.93;40.0
2014;10;3;10.16;40.0
2014;10;4;12.05;40.0
2014;10;5;12.47;40.0
2014;10;6;14.87;40.0
2014;10;7;19.19;40.0
2014;10;8;16.02;40.0
2014;10;9;13.65;40.0
2014;10;10;12.58;40.0
2014;10;11;11.65;40.0
2014;10;12;11.04;40.0
2014;10;13;11.47;40.0
2014;10;14;11.29;40.0
2014;10;15;11.07;40.0
2014;10;16;11.14;40.0
2014;10;17;10.97;40.0
2014;10;18;10.91;40.0
2014;10;19;11.28;40.0
2014;10;20;10.14;40.0
2014;10;21;;250.0
2014;10;22;;250.0
2014;10;23;;250.0
2014;10;24;;250.0
2014;10;25;;250.0
2014;10;26;;250.0
2014;10;27;;250.0
2014;10;28;;250.0
2014;10;29;;250.0
2014;10;30;;250.0
2014;10;31;;250.0
2014;11;1;;250.0
2014;11;2;;250.0
2014;11;3;;250.0
2014;11;4;;250.0
2014;11;5;;250.0
2014;11;6;;250.0
2014;11;7;;250.0
2014;11;8;;250.0
2014;11;9;;250.0
2014;11;10;;250.0
2014;11;11;;250.0
2014;11;12;;250.0
2014;11;13;;250.0
2014;11;14;;250.0
2014;11;15;;250.0
2014;11;16;;250.0
2014;11;17;;250.0
2014;11;18;;250.0
2014;11;19;;250.0
2014;11;20;;250.0
2014;11;21;;250.0
2014;11;22;;250.0
2014;11;23;;250.0
2014;11;24;;250.0
2014;11;25;;250.0
2014;11;26;;250.0
2014;11;27;;250.0
2014;11;28;;250.0
2014;11;29;;250.0
2014;11;30;;250.0
2014;12;1;;250.0
2014;12;2;;250.0
2014;12;3;;250.0
2014;12;4;;250.0
2014;12;5;;250.0
2014;12;6;;250.0
2014;12;7;;250.0
2014;12;8;;250.0
2014;12;9;;250.0
2014;12;10;;250.0
2014;12;11;;250.0
2014;12;12;;250.0
2014;12;13;;250.0
2014;12;14;;250.0
2014;12;15;;250.0
2014;12;16;;250.0
2014;12;17;;250.0
2014;12;18;;250.0
2014;12;19;;250.0
2014;12;20;;250.0
2014;12;21;;250.0
2014;12;22;;250.0
2014;12;23;;250.0
2014;12;24;;250.0
2014;12;25;;250.0
2014;12;26;;250.0
2014;12;27;;250.0
2014;12;28;;250.0
2014;12;29;;250.0
2014;12;30;;250.0
2014;12;31;;250.0
2015;1;1;;250.0
2015;1;2;;250.0
2015;1;3;;250.0
2015;1;4;;250.0
2015;1;5;;250.0
2015;1;6;;250.0
2015;1;7;;250.0
2015;1;8;;250.0
2015;1;9;;250.0
2015;1;10;;250.0
2015;1;11;;250.0
2015;1;12;;250.0
2015;1;13;;250.0
2015;1;14;;250.0
2015;1;15;;250.0
2015;1;16;;250.0
2015;1;17;;250.0
2015;1;18;;250.0
2015;1;19;;250.0
2015;1;20;;250.0
2015;1;21;;250.0
2015;1;22;;250.0
2015;1;23;;250.0
2015;1;24;;250.0
2015;1;25;;250.0
2015;1;26;;250.0
2015;1;27;;250.0
2015;1;28;;250.0
2015;1;29;;250.0
2015;1;30;;250.0
2015;1;31;;250.0
2015;2;1;;250.0
2015;2;2;;250.0
2015;2;3;;250.0
2015;2;4;;250.0
2015;2;5;;250.0
2015;2;6;;250.0
2015;2;7;;250.0
2015;2;8;;250.0
2015;2;9;;250.0
2015;2;10;;250.0
2015;2;11;;250.0
2015;2;12;;250.0
2015;2;13;;250.0
2015;2;14;;250.0
2015;2;15;;250.0
2015;2;16;;250.0
2015;2;17;;250.0
2015;2;18;;250.0
2015;2;19;;250.0
2015;2;20;;250.0
2015;2;21;;250.0
2015;2;22;;250.0
2015;2;23;;250.0
2015;2;24;;250.0
2015;2;25;;250.0
2015;2;26;;250.0
2015;2;27;;250.0
2015;2;28;;250.0
2015;3;1;;250.0
2015;3;2;;250.0
2015;3;3;;250.0
2015;3;4;;250.0
2015;3;5;;250.0
2015;3;6;;250.0
2015;3;7;;250.0
2015;3;8;;250.0
2015;3;9;;250.0
2015;3;10;;250.0
2015;3;11;;250.0
2015;3;12;;250.0
2015;3;13;;250.0
2015;3;14;;250.0
2015;3;15;;250.0
2015;3;16;;250.0
2015;3;17;;250.0
2015;3;18;;250.0
2015;3;19;;250.0
2015;3;20;;250.0
2015;3;21;;250.0
2015;3;22;;250.0
2015;3;23;;250.0
2015;3;24;;250.0
2015;3;25;;250.0
2015;3;26;;250.0
2015;3;27;;250.0
2015;3;28;;250.0
2015;3;29;;250.0
2015;3;30;;250.0
2015;3;31;;250.0
2015;4;1;;250.0
2015;4;2;;250.0
2015;4;3;;250.0
2015;4;4;;250.0
2015;4;5;;250.0
2015;4;6;;250.0
2015;4;7;;250.0
2015;4;8;;250.0
2015;4;9;;250.0
2015;4;10;;250.0
2015;4;11;;250.0
2015;4;12;;250.0
2015;4;13;;250.0
2015;4;14;;250.0
2015;4;15;;250.0
2015;4;16;;250.0
2015;4;17;;250.0
2015;4;18;;250.0
2015;4;19;;250.0
2015;4;20;;250.0
2015;4;21;;250.0
2015;4;22;;250.0
2015;4;23;;250.0
2015;4;24;;250.0
2015;4;25;;250.0
2015;4;26;;250.0
2015;4;27;;250.0
2015;4;28;;250.0
2015;4;29;;250.0
2015;4;30;;250.0
2015;5;1;;250.0
2015;5;2;;250.0
2015;5;3;;250.0
2015;5;4;;250.0
2015;5;5;;250.0
2015;5;6;;250.0
2015;5;7;;250.0
2015;5;8;;250.0
2015;5;9;;250.0
2015;5;10;;250.0
2015;5;11;;250.0
2015;5;12;;250.0
2015;5;13;;250.0
2015;5;14;;250.0
2015;5;15;;250.0
2015;5;16;;250.0
2015;5;17;;250.0
2015;5;18;;250.0
2015;5;19;;250.0
2015;5;20;;250.0
2015;5;21;;250.0
2015;5;22;;250.0
2015;5;23;;250.0
2015;5;24;;250.0
2015;5;25;;250.0
2015;5;26;;250.0
2015;5;27;;250.0
2015;5;28;;250.0
2015;5;29;;250.0
2015;5;30;11.92;40.0
2015;5;31;12.76;40.0
2015;6;1;11.82;40.0
2015;6;2;11.41;40.0
2015;6;3;10.4;40.0
2015;6;4;10.29;40.0
2015;6;5;12.65;40.0
2015;6;6;14.06;40.0
2015;6;7;15.62;40.0
2015;6;8;20.91;40.0
2015;6;9;30.29;40.0
2015;6;10;29.4;40.0
2015;6;11;19.61;40.0
2015;6;12;14.88;40.0
2015;6;13;13.5;40.0
2015;6;14;13.47;40.0
2015;6;15;16.47;40.0
2015;6;16;33.51;40.0
2015;6;17;35.92;40.0
2015;6;18;26.88;40.0
2015;6;19;29.46;40.0
2015;6;20;29.17;40.0
2015;6;21;24.45;40.0
2015;6;22;22.12;40.0
2015;6;23;20.25;40.0
2015;6;24;17.15;40.0
2015;6;25;17.49;40.0
2015;6;26;19.08;40.0
2015;6;27;22.69;40.0
2015;6;28;19.6;40.0
2015;6;29;18.57;40.0
2015;6;30;15.9;40.0
2015;7;1;15.71;40.0
2015;7;2;14.68;40.0
2015;7;3;14.58;40.0
2015;7;4;15.51;40.0
2015;7;5;17.95;40.0
2015;7;6;18.8;40.0
2015;7;7;17.98;40.0
2015;7;8;16.42;40.0
2015;7;9;14.99;40.0
2015;7;10;13.61;40.0
2015;7;11;12.98;40.0
2015;7;12;13.59;40.0
2015;7;13;19.29;40.0
2015;7;14;24.75;40.0
2015;7;15;20.41;40.0
2015;7;16;17.18;40.0
2015;7;17;15.64;40.0
2015;7;18;15.28;40.0
2015;7;19;14.5;40.0
2015;7;20;13.56;40.0
2015;7;21;12.48;40.0
2015;7;22;11.48;40.0
2015;7;23;11.21;40.0
2015;7;24;11.32;40.0
2015;7;25;11.66;40.0
2015;7;26;13.03;40.0
2015;7;27;14.37;40.0
2015;7;28;13.55;40.0
2015;7;29;13.36;40.0
2015;7;30;13.39;40.0
2015;7;31;13.03;40.0
2015;8;1;12.57;40.0
2015;8;2;12.41;40.0
2015;8;3;12.64;40.0
2015;8;4;13.61;40.0
2015;8;5;13.96;40.0
2015;8;6;14.5;40.0
2015;8;7;14.3;40.0
2015;8;8;14.72;40.0
2015;8;9;14.47;40.0
2015;8;10;15.01;40.0
2015;8;11;14.25;40.0
2015;8;12;14.47;40.0
2015;8;13;17.04;40.0
2015;8;14;16.02;40.0
2015;8;15;15.98;40.0
2015;8;16;15.05;40.0
2015;8;17;14.63;40.0
2015;8;18;14.27;40.0
2015;8;19;15.26;40.0
2015;8;20;17.39;40.0
2015;8;21;18.14;40.0
2015;8;22;21.14;40.0
2015;8;23;23.41;40.0
2015;8;24;26.76;40.0
2015;8;25;28.65;40.0
2015;8;26;27.19;40.0
2015;8;27;31.6;40.0
2015;8;28;30.75;40.0
2015;8;29;23.92;40.0
2015;8;30;17.78;40.0
2015;8;31;15.78;40.0
2015;9;1;14.67;40.0
2015;9;2;14.22;40.0
2015;9;3;19.81;40.0
2015;9;4;19.82;40.0
2015;9;5;22.95;40.0
2015;9;6;26.82;40.0
2015;9;7;30.23;40.0
2015;9;8;36.73;40.0
2015;9;9;46.75;40.0
2015;9;10;55.27;40.0
2015;9;11;50.78;40.0
2015;9;12;48.3;40.0
2015;9;13;34.09;40.0
2015;9;14;28.48;40.0
2015;9;15;25.85;40.0
2015;9;16;22.46;40.0
2015;9;17;19.78;40.0
2015;9;18;18.32;40.0
2015;9;19;20.62;40.0
2015;9;20;28.38;40.0
2015;9;21;24.63;40.0
2015;9;22;19.03;40.0
2015;9;23;17.48;40.0
2015;9;24;14.25;40.0
2015;9;25;13.11;40.0
2015;9;26;15.25;40.0
2015;9;27;23.14;40.0
2015;9;28;15.9;40.0
2015;9;29;15.18;40.0
2015;9;30;13.47;40.0
2015;10;1;22.15;40.0
2015;10;2;16.51;40.0
2015;10;3;13.06;40.0
2015;10;4;19.56;40.0
2015;10;5;33.86;40.0
2015;10;6;26.1;40.0
2015;10;7;16.97;40.0
2015;10;8;14.33;40.0
2015;10;9;13.09;40.0
2015;10;10;12.12;40.0
2015;10;11;11.87;40.0
2015;10;12;11.76;40.0
2015;10;13;14.48;40.0
2015;10;14;11.67;40.0
2015;10;15;11.16;40.0
2015;10;16;12.05;40.0
2015;10;17;11.4;40.0
2015;10;18;13.71;40.0
2015;10;19;11.03;40.0
2015;10;20;10.59;40.0
2015;10;21;10.15;40.0
2015;10;22;10.78;40.0
2015;10;23;10.03;40.0
2015;10;24;9.79;40.0
2015;10;25;10.69;40.0
2015;10;26;11.27;40.0
2015;10;27;11.55;100.0
2015;10;28;12.47;100.0
2015;10;29;16.57;40.0
2015;10;30;12.14;40.0
2015;10;31;10.9;40.0
2015;11;1;11.69;40.0
2015;11;2;10.2;40.0
2015;11;3;11.04;40.0
2015;11;4;10.61;40.0
2015;11;5;10.44;40.0
2015;11;6;12.03;40.0
2015;11;7;12.07;40.0
2015;11;8;10.18;40.0
2015;11;9;9.66;40.0
2015;11;10;;250.0
2015;11;11;;250.0
2015;11;12;;250.0
2015;11;13;;250.0
2015;11;14;;250.0
2015;11;15;;250.0
2015;11;16;;250.0
2015;11;17;;250.0
2015;11;18;;250.0
2015;11;19;;250.0
2015;11;20;;250.0
2015;11;21;;250.0
2015;11;22;;250.0
2015;11;23;;250.0
2015;11;24;;250.0
2015;11;25;;250.0
2015;11;26;;250.0
2015;11;27;;250.0
2015;11;28;;250.0
2015;11;29;;250.0
2015;11;30;;250.0
2015;12;1;;250.0
2015;12;2;;250.0
2015;12;3;;250.0
2015;12;4;;250.0
2015;12;5;;250.0
2015;12;6;;250.0
2015;12;7;;250.0
2015;12;8;;250.0
2015;12;9;;250.0
2015;12;10;;250.0
2015;12;11;;250.0
2015;12;12;;250.0
2015;12;13;;250.0
2015;12;14;;250.0
2015;12;15;;250.0
2015;12;16;;250.0
2015;12;17;;250.0
2015;12;18;;250.0
2015;12;19;;250.0
2015;12;20;;250.0
2015;12;21;;250.0
2015;12;22;;250.0
2015;12;23;;250.0
2015;12;24;;250.0
2015;12;25;;250.0
2015;12;26;;250.0
2015;12;27;;250.0
2015;12;28;;250.0
2015;12;29;;250.0
2015;12;30;;250.0
2015;12;31;;250.0
2016;1;1;;250.0
2016;1;2;;250.0
2016;1;3;;250.0
2016;1;4;;250.0
2016;1;5;;250.0
2016;1;6;;250.0
2016;1;7;;250.0
2016;1;8;;250.0
2016;1;9;;250.0
2016;1;10;;250.0
2016;1;11;;250.0
2016;1;12;;250.0
2016;1;13;;250.0
2016;1;14;;250.0
2016;1;15;;250.0
2016;1;16;;250.0
2016;1;17;;250.0
2016;1;18;;250.0
2016;1;19;;250.0
2016;1;20;;250.0
2016;1;21;;250.0
2016;1;22;;250.0
2016;1;23;;250.0
2016;1;24;;250.0
2016;1;25;;250.0
2016;1;26;;250.0
2016;1;27;;250.0
2016;1;28;;250.0
2016;1;29;;250.0
2016;1;30;;250.0
2016;1;31;;250.0
2016;2;1;;250.0
2016;2;2;;250.0
2016;2;3;;250.0
2016;2;4;;250.0
2016;2;5;;250.0
2016;2;6;;250.0
2016;2;7;;250.0
2016;2;8;;250.0
2016;2;9;;250.0
2016;2;10;;250.0
2016;2;11;;250.0
2016;2;12;;250.0
2016;2;13;;250.0
2016;2;14;;250.0
2016;2;15;;250.0
2016;2;16;;250.0
2016;2;17;;250.0
2016;2;18;;250.0
2016;2;19;;250.0
2016;2;20;;250.0
2016;2;21;;250.0
2016;2;22;;250.0
2016;2;23;;250.0
2016;2;24;;250.0
2016;2;25;;250.0
2016;2;26;;250.0
2016;2;27;;250.0
2016;2;28;;250.0
2016;2;29;;250.0
2016;3;1;;250.0
2016;3;2;;250.0
2016;3;3;;250.0
2016;3;4;;250.0
2016;3;5;;250.0
2016;3;6;;250.0
2016;3;7;;250.0
2016;3;8;;250.0
2016;3;9;;250.0
2016;3;10;;250.0
2016;3;11;;250.0
2016;3;12;;250.0
2016;3;13;;250.0
2016;3;14;;250.0
2016;3;15;;250.0
2016;3;16;;250.0
2016;3;17;;250.0
2016;3;18;;250.0
2016;3;19;;250.0
2016;3;20;;250.0
2016;3;21;;250.0
2016;3;22;;250.0
2016;3;23;;250.0
2016;3;24;;250.0
2016;3;25;;250.0
2016;3;26;;250.0
2016;3;27;;250.0
2016;3;28;;250.0
2016;3;29;;250.0
2016;3;30;;250.0
2016;3;31;;250.0
2016;4;1;;250.0
2016;4;2;;250.0
2016;4;3;;250.0
2016;4;4;;250.0
2016;4;5;;250.0
2016;4;6;;250.0
2016;4;7;;250.0
2016;4;8;;250.0
2016;4;9;;250.0
2016;4;10;;250.0
2016;4;11;;250.0
2016;4;12;;250.0
2016;4;13;;250.0
2016;4;14;;250.0
2016;4;15;;250.0
2016;4;16;;250.0
2016;4;17;;250.0
2016;4;18;;250.0
2016;4;19;;250.0
2016;4;20;;250.0
2016;4;21;;250.0
2016;4;22;;250.0
2016;4;23;;250.0
2016;4;24;;250.0
2016;4;25;;250.0
2016;4;26;;250.0
2016;4;27;;250.0
2016;4;28;;250.0
2016;4;29;;250.0
2016;4;30;;250.0
2016;5;1;;250.0
2016;5;2;;250.0
2016;5;3;;250.0
2016;5;4;;250.0
2016;5;5;;250.0
2016;5;6;;250.0
2016;5;7;;250.0
2016;5;8;;250.0
2016;5;9;6.62;40.0
2016;5;10;7.47;40.0
2016;5;11;9.08;40.0
2016;5;12;10.72;40.0
2016;5;13;13.19;40.0
2016;5;14;17.05;40.0
2016;5;15;21.07;40.0
2016;5;16;18.22;40.0
2016;5;17;13.84;40.0
2016;5;18;11.72;40.0
2016;5;19;10.13;40.0
2016;5;20;10.3;40.0
2016;5;21;9.65;40.0
2016;5;22;8.98;40.0
2016;5;23;9.03;40.0
2016;5;24;11.3;40.0
2016;5;25;19.13;40.0
2016;5;26;39.01;40.0
2016;5;27;44.49;40.0
2016;5;28;35.46;40.0
2016;5;29;29.51;40.0
2016;5;30;22.22;40.0
2016;5;31;21.17;40.0
2016;6;1;25.66;40.0
2016;6;2;25.05;40.0
2016;6;3;21.76;40.0
2016;6;4;21.89;40.0
2016;6;5;21.13;40.0
2016;6;6;19.55;40.0
2016;6;7;18.35;40.0
2016;6;8;18.12;40.0
2016;6;9;18.61;40.0
2016;6;10;19.31;40.0
2016;6;11;20.33;40.0
2016;6;12;19.53;40.0
2016;6;13;17.24;40.0
2016;6;14;15.95;40.0
2016;6;15;15.11;40.0
2016;6;16;14.79;40.0
2016;6;17;15.08;40.0
2016;6;18;16.7;40.0
2016;6;19;20.56;40.0
2016;6;20;21.21;40.0
2016;6;21;19.65;40.0
2016;6;22;19.42;40.0
2016;6;23;19.96;40.0
2016;6;24;20.76;40.0
2016;6;25;25.55;40.0
2016;6;26;26.4;40.0
2016;6;27;24.07;40.0
2016;6;28;22.49;40.0
2016;6;29;20.27;40.0
2016;6;30;21.08;40.0
2016;7;1;19.92;40.0
2016;7;2;20.16;40.0
2016;7;3;17.3;40.0
2016;7;4;16.98;40.0
2016;7;5;17.31;40.0
2016;7;6;18.67;40.0
2016;7;7;18.04;40.0
2016;7;8;16.0;40.0
2016;7;9;14.01;40.0
2016;7;10;14.92;40.0
2016;7;11;15.65;40.0
2016;7;12;16.15;40.0
2016;7;13;15.2;40.0
2016;7;14;18.44;40.0
2016;7;15;22.58;40.0
2016;7;16;22.67;40.0
2016;7;17;21.63;40.0
2016;7;18;24.89;40.0
2016;7;19;24.08;40.0
2016;7;20;23.67;40.0
2016;7;21;34.88;40.0
2016;7;22;33.19;40.0
2016;7;23;38.88;40.0
2016;7;24;34.74;40.0
2016;7;25;37.0;40.0
2016;7;26;34.19;40.0
2016;7;27;31.0;40.0
2016;7;28;29.17;40.0
2016;7;29;25.64;40.0
2016;7;30;25.13;40.0
2016;7;31;25.27;40.0
2016;8;1;26.26;40.0
2016;8;2;27.49;40.0
2016;8;3;32.42;40.0
2016;8;4;28.3;40.0
2016;8;5;25.97;40.0
2016;8;6;24.5;40.0
2016;8;7;27.24;40.0
2016;8;8;25.55;40.0
2016;8;9;23.71;40.0
2016;8;10;25.38;40.0
2016;8;11;37.51;40.0
2016;8;12;30.62;40.0
2016;8;13;29.17;40.0
2016;8;14;34.66;40.0
2016;8;15;46.28;40.0
2016;8;16;42.4;40.0
2016;8;17;36.02;40.0
2016;8;18;36.2;40.0
2016;8;19;34.15;40.0
2016;8;20;37.09;40.0
2016;8;21;37.13;40.0
2016;8;22;35.67;40.0
2016;8;23;38.91;40.0
2016;8;24;30.0;40.0
2016;8;25;27.74;40.0
2016;8;26;30.78;40.0
2016;8;27;33.82;40.0
2016;8;28;29.32;40.0
2016;8;29;22.77;40.0
2016;8;30;21.98;40.0
2016;8;31;23.1;40.0
2016;9;1;17.06;40.0
2016;9;2;15.03;40.0
2016;9;3;14.69;40.0
2016;9;4;15.87;40.0
2016;9;5;16.66;40.0
2016;9;6;25.38;40.0
2016;9;7;19.8;40.0
2016;9;8;21.93;40.0
2016;9;9;24.63;40.0
2016;9;10;28.16;40.0
2016;9;11;21.4;40.0
2016;9;12;16.73;40.0
2016;9;13;17.69;40.0
2016;9;14;14.95;40.0
2016;9;15;17.63;40.0
2016;9;16;17.57;40.0
2016;9;17;20.43;40.0
2016;9;18;17.61;40.0
2016;9;19;14.18;40.0
2016;9;20;13.58;40.0
2016;9;21;12.85;40.0
2016;9;22;16.4;40.0
2016;9;23;13.64;40.0
2016;9;24;12.56;40.0
2016;9;25;13.31;40.0
2016;9;26;12.55;40.0
2016;9;27;11.75;40.0
2016;9;28;11.39;40.0
2016;9;29;11.47;40.0
2016;9;30;11.48;40.0
